text,date,n_favs,n_rts
https://t.co/EY2Z4bnq83,2022-12-27 01:28:04+00:00,3,0
"Bueno igual no dio mucho la talla ese festival, mejor estuvo el Saca el Pecho Fest x10. Yo vi las historias de este y estuvo üò¥",2022-12-19 14:46:31+00:00,4,0
no chamo qui√©n ve un video en google drive XD,2022-12-17 00:54:27+00:00,3,0
amo tener extensiones de vscode no puedo medio ver una que me pueda ayudar con algo que la descargo,2022-12-16 23:55:46+00:00,0,1
@kekhaherbivore puede ser que no se dieron cuenta que la final del mundial ca√≠a el mismo d√≠a que una fecha,2022-12-16 23:17:41+00:00,2,0
fuera fino que pongan los circles como una feature de pago,2022-12-16 22:25:12+00:00,1,0
@valeen_te antes de las crisis be autobuses uno pod√≠a irse en un bus temprano de sartenejas al litoral y regresarse‚Ä¶ https://t.co/GqaQLAU9t9,2022-12-16 16:54:20+00:00,1,0
@edul3on https://t.co/FLvheWaumg,2022-12-16 16:48:35+00:00,1,1
consejos pa q me acepten en el GSoC üò≠,2022-12-16 03:48:49+00:00,1,0
@amanda_v18 yo le dej√© creyendo que no iba a hacer fr√≠o y me arrepent√≠ üò≠,2022-12-16 02:34:28+00:00,1,0
i sleep,2022-12-15 18:51:32+00:00,1,0
"RT @swithscans: STAY IN CHICAGO PHOTOBOOK scans ‚Äî full thread 

#STAYC #Ïä§ÌÖåÏù¥Ïî® https://t.co/2NlQ3Q75qS",2022-12-13 04:03:06+00:00,0,301
https://t.co/UQexBDVsI5,2022-12-13 01:46:41+00:00,2,0
"serio serio serio, qu√© hay que hacer para que vuelvan a dar computaci√≥n gr√°fica en la sim√≥n üò≠ era mi principal inter√©s en la carrera",2022-12-11 23:00:11+00:00,1,0
meten carrusel de hasta 10 fotos en twitter y muere instagram en este preciso instante,2022-12-11 22:54:05+00:00,2,0
como mucha gente https://t.co/25xVp4Ctsb,2022-12-11 22:15:56+00:00,2,0
https://t.co/FOz64sBD1I,2022-12-11 00:07:00+00:00,3,0
el chavista m√°s √∫til: https://t.co/2bKTifS40G,2022-12-09 16:51:31+00:00,1,0
@annacab_ a m√≠ nada que me sale notificaci√≥n siquiera ü•≤ solo puedo ver las playlists,2022-11-30 17:27:56+00:00,2,0
a qui√©n le tengo que rezar para que me salga el maldito wrapped,2022-11-30 17:18:14+00:00,3,2
@vallha11a ed sheeran en el top 5,2022-11-30 16:31:26+00:00,1,0
Antes de 2021 es retro https://t.co/l6rBVuRLMi,2022-11-30 04:30:06+00:00,2,0
@MiniFreesia detayes,2022-11-29 18:35:27+00:00,1,0
"""detenido profesor de la usb por pirater√≠a de material acad√©mico en pdf""",2022-11-29 18:34:24+00:00,2,0
@gonthal quedaste en el suelo,2022-11-29 13:47:15+00:00,1,0
paralelismo cinematogr√°fico https://t.co/y3D3k1vssi,2022-11-29 13:46:26+00:00,1,0
el ceic agradeciendo al ceic por limpiar la sala,2022-11-29 13:18:17+00:00,3,0
@MiniFreesia el trimestre que entr√© pon√≠an todos los d√≠as en bamboo y los pabellones de cerca de casa de estudiantes üò≠üò≠,2022-11-29 00:58:10+00:00,1,0
me sacaron de mi grupo de ws de amigos porque envi√© 120 fotos de lalisa üòî,2022-11-28 17:12:18+00:00,1,0
@gonthal https://t.co/etIiucDxab,2022-11-26 20:38:21+00:00,2,0
"dios m√≠o c√°llense un rato con my twitter interaction circles nojoda, no me interesa",2022-11-26 13:46:31+00:00,2,0
"@_gusgustavo EL √°lbum, love it, fav de √©l",2022-11-26 13:28:16+00:00,1,0
@pupilalejana lo atropell√≥ una avalancha,2022-11-26 02:16:50+00:00,1,0
pas√≥ de pana https://t.co/TYMCUEXtdn,2022-11-26 00:53:11+00:00,1,0
@amanda_v18 m√°s roto que pantal√≥n,2022-11-26 00:21:27+00:00,1,0
son los colores del creeper https://t.co/H7wSOjf9bQ,2022-11-25 22:44:08+00:00,3,0
on parsers: https://t.co/A5Tv2CbxF7,2022-11-25 21:49:32+00:00,2,0
ü•≥ https://t.co/aGxfqU8CS5,2022-11-25 21:30:26+00:00,1,0
no chamo qu√© es esto https://t.co/H4AkPzDpfJ,2022-11-25 00:36:53+00:00,1,0
cuando sea coordinador de la compusala organizo karaoke de kanye west.,2022-11-25 00:29:10+00:00,1,0
"@amanda_v18 noo no est√°n cobrando ü§£, es por este tuit https://t.co/DhyKVx4nE6",2022-11-24 19:55:05+00:00,1,0
@v_santaella jsasjsas es por esto https://t.co/aWWL1tNFAA,2022-11-24 11:59:12+00:00,1,0
@CAFUSB ü§ôüèªü§ôüèªü§ôüèªü§ôüèª,2022-11-23 14:58:00+00:00,2,0
q loco hicieron un concurso de peor centro de estudiantes y gan√≥ el ceic,2022-11-22 22:19:56+00:00,1,0
la sim√≥n est√° desequilibrada: pesa m√°s del lado del cromo/anfiteatro/audi que del lado de aulas/canchas. qu√© hacemo‚Ä¶ https://t.co/UTmPQ4k7Lp,2022-11-22 21:20:07+00:00,4,0
@MiniFreesia d√≥ndeee,2022-11-22 17:19:57+00:00,1,0
cazando ara√±as https://t.co/vaDlQubJ96,2022-11-22 16:57:15+00:00,4,0
le meter√© un co√±azo a Cafusb si vuelve a usar una foto m√≠a,2022-11-22 04:55:36+00:00,2,0
qn me acompa√±a https://t.co/KmVKB41ZRv,2022-11-22 00:07:48+00:00,1,0
storytime cuando me mont√© en un bus de la wawa en la sim√≥n y todos creyeron que iba a robar por ser el √∫nico oscuro üòî,2022-11-21 23:24:10+00:00,2,0
"@MiniFreesia Z«éoshang h«éo zh≈çnggu√≥
xi√†nz√†i w«í y«íu BING CHILLING
w«í hƒõn x«êhuƒÅn BING CHILLING
d√†nsh√¨ s√πd√π y«î jƒ´q√≠ng 9
b«ê BING CHILLING",2022-11-21 03:48:11+00:00,2,1
c√≥mo es que un proyecto de una de las carreras m√°s numerosas de la sim√≥n no puede quedar de primero,2022-11-20 23:16:34+00:00,2,0
"@ericitodemar son cuadritos, puedes escoger ambas, aunque tambi√©n faltar√≠a Otro: _____ y Prefiero no decirlo",2022-11-20 22:33:11+00:00,2,0
"mundo de tontos, vagando en la superficialidad y mentiras.",2022-11-20 18:26:02+00:00,2,0
"Ustedes tienen un personaje que sea ""literalmente ustedes""? yo estaba viendo la carrera de Kanye West y me di cuent‚Ä¶ https://t.co/0n29bzCwDy",2022-11-20 18:26:01+00:00,4,0
@guesebista y la diferencia tambi√©n es que el que tiene plata puede afectar m√°s al que no tiene que al rev√©s,2022-11-19 21:42:37+00:00,1,0
letras de ni√±a de 15 a√±os que escribe fanfics en wattpad https://t.co/6srkBikxAp,2022-11-19 17:59:37+00:00,2,0
@guesebista a m√≠ me botaron porque ganaba por default,2022-11-19 00:26:29+00:00,1,0
@angeluucho @Jpache_19 un llamado a que me desbloquees chamo ni s√© qui√©n eres q gafo,2022-11-19 00:03:40+00:00,4,0
@aadesufrimiento lo mejor,2022-11-18 23:09:05+00:00,1,0
"Hoy 18 de noviembre del 2021 juro que lo odi√≥ ahora m√°s que nunca,jam√°s te olvidare por lo que me sucedi√≥.
Me levan‚Ä¶ https://t.co/UVbAjiaGbH",2022-11-18 15:35:21+00:00,1,1
twitter users https://t.co/qpnR3Dhkat,2022-11-18 14:58:30+00:00,2,0
"que cierren twitter ser√≠a mi mayor sue√±o hecho realidad, todos los d√≠as he manifestado que eso pase ü•∫‚ù§Ô∏è espero que se d√©",2022-11-18 06:00:44+00:00,2,0
mamaguebo qu√© horrible es el twitter para diestros,2022-11-18 00:52:38+00:00,1,0
"@gonthal you mean

int
  main
    (
      int argc,
      char**argv
    )
      {
          /* c√≥digo*/
      }",2022-11-18 00:51:48+00:00,2,0
le jugaron sucio a Valentina con ese rival https://t.co/Vjjwbsm4Rb,2022-11-18 00:30:21+00:00,1,0
@noymporta mi mam√° no me deja acercarme a personas de piel oscura,2022-11-17 19:25:16+00:00,1,0
@valenbozaa el de la casa de papel,2022-11-16 16:13:42+00:00,1,0
@isademotunui yo diciendo q compu es la carrera m√°s f√°cil de la sim√≥n,2022-11-16 02:29:27+00:00,2,0
vainas maquiav√©licas: parciales donde cada pregunta depende de la anterior,2022-11-15 22:58:15+00:00,4,0
qui√©n borr√≥ la gente. https://t.co/C89I3plk2h,2022-11-15 11:34:11+00:00,3,0
"acabo de ver que tengo parcial en aulas, d√≥nde co√±o de la madre queda eso",2022-11-15 11:29:10+00:00,1,0
@guesebista huelo envidia de que s√≠ estudias y no revientas,2022-11-15 10:13:56+00:00,1,0
ser italovenezolano es duro.,2022-11-14 17:26:35+00:00,1,0
"mi nombre es chus y yo toda mi vida he sufrido de italofobia, hilo en el cual cuento mi historia.",2022-11-14 17:26:06+00:00,1,0
https://t.co/BdcWsNs68A https://t.co/M2zYY0Gmg5,2022-11-14 00:24:17+00:00,1,0
say it louder for the people in the back queeen yasss *dies from cringe*,2022-11-13 21:34:00+00:00,1,0
"@noymporta sr amable probablemente
""vamos a donde sr amable""",2022-11-13 16:21:58+00:00,3,0
@aaeilrv ahora no me puede dar risa el rimel y tal,2022-11-12 23:15:23+00:00,1,0
jajajajaja que risa marico jasjajaja el rimel dios mio no aguanto jajajaja que gracioso dios mio el rimel entendist‚Ä¶ https://t.co/j4h407tPSX,2022-11-12 22:03:23+00:00,2,0
@angel16012 lo curioso es qui√©n las est√° contando,2022-11-12 02:26:07+00:00,1,0
"@ericitodemar totalmente de acuerdo, siempre me pareci√≥ super machista el d√≠a de las agrupaciones",2022-11-11 01:17:32+00:00,1,0
qu√© hac√≠a una foto m√≠a en el stand de cafusb si no me pagaron,2022-11-10 20:12:55+00:00,1,0
yo cuando un tuit m√≠o tiene m√°s de un (1) like https://t.co/cc4sOrfLrK,2022-11-10 16:24:41+00:00,2,1
@noymporta es que yo vi twitter for iphone y dije dios m√≠o c√≥mo noy monta esa vaina,2022-11-10 00:05:34+00:00,1,0
@angel16012 la manera en que las secciones de farith y bertha se quedar√≠an vac√≠as si hacen eso,2022-11-09 18:49:32+00:00,2,0
https://t.co/otVaEw3sMu https://t.co/FhgZpipHKO,2022-11-08 17:41:12+00:00,1,0
por qu√© co√±o de la madre me aparecen todos los tuits de elon musk si yo no sigo a ese maldito,2022-11-08 15:38:11+00:00,1,0
"ojal√° fuera un mejor computista, uno excepcional, que supiera c√≥mo inyectar c√≥digo malicioso en overleaf y tumbarlo‚Ä¶ https://t.co/SBk2EMYFhn",2022-11-08 02:17:32+00:00,3,0
@ericitodemar eso es para ver qui√©n sale dici√©ndoles que no XDDD,2022-11-08 01:59:00+00:00,1,0
"@isademotunui ve si est√° abierto el Subway o prove, o do√±a jojoto",2022-11-07 18:12:38+00:00,1,0
@ericitodemar les quedan unos 3 a√±os f√°cil,2022-11-07 17:44:54+00:00,1,0
ah√≠ ah√≠ esta semana https://t.co/CF1WNQt5Q6,2022-11-07 17:43:12+00:00,1,0
Verga me iba a poner a responder a las imb√©ciles estas pero nawebona entr√© un momento al perfil y dan verg√ºenza ajena ajsnsjsj.,2022-11-07 17:13:56+00:00,3,0
qu√© carro eres https://t.co/GYPylne7fD,2022-11-07 04:57:31+00:00,3,0
on my way to sacar algo de aqu√≠ y ganar el concurso de escritura hecha en casa üòàüòàüòàüòà https://t.co/wrrIoV0OCm,2022-11-06 22:07:43+00:00,2,0
la raza m√°s d√©bil es la que tiene pineado en su cuenta un hit tweet,2022-11-06 20:06:04+00:00,2,0
de pana https://t.co/TKc8HpdnPk,2022-11-06 20:04:27+00:00,1,0
"@Eycer1 jsasjsas quiero hacer que alguien haga esto alg√∫n d√≠a, tengo que encontrar a alguien con Linux que no sepa ü•≤",2022-11-06 17:29:33+00:00,1,0
eliminar√© al pr√≥ximo que tome una foto en un charco en la sim√≥n.,2022-11-06 17:25:55+00:00,1,0
@Waffle1605 cursed,2022-11-06 15:54:56+00:00,2,0
@rohelysss yo siempre,2022-11-06 03:04:59+00:00,1,0
ojal√° alg√∫n d√≠a tenga tanto dinero para comprar twitter y matarlo inmediatamente https://t.co/xXdzIKqUI4,2022-11-05 22:41:15+00:00,1,0
uno m√°s https://t.co/W8naWHq2Ei,2022-11-05 22:38:44+00:00,1,0
@pupilalejana este ep retrata un poco eso de forma muy cruda https://t.co/IKzhk3zYZ9,2022-11-05 21:46:26+00:00,1,0
‚ìò Tuit ùôãùôßùôöùô¢ùôûùô™ùô¢ no es posible verlo.,2022-11-05 21:21:50+00:00,1,0
"lentes que no se ensucien ser√≠a un buen invento
en eso es que tienen que trabajar los ingenieros en materiales",2022-11-05 17:09:41+00:00,1,0
"de la que se fue con mis ganas de amar mis ganas de vivir
no las he vuelto a encontrar.",2022-11-05 17:06:03+00:00,1,0
@AdriVasquez6601 buenardo el su√©ter de in utero,2022-11-05 03:07:43+00:00,1,0
y si planta baja de mem es cuando entras por bonsai y subes las escaleras y entonces la entrada por chipa es el s√≥tano,2022-11-04 22:13:11+00:00,4,0
marico cu√°nto tiempo lleva ese sonidito que sale al final de los tiktoks compartidos. me acabo de dar cuenta y qu√©‚Ä¶ https://t.co/ILx13n2bEi,2022-11-04 17:34:58+00:00,3,0
otras de ese d√≠a https://t.co/38iM7T8tG0,2022-11-04 17:00:06+00:00,3,0
este gan√≥ https://t.co/ucYbhfODfY https://t.co/CKvRSssm1a,2022-11-04 16:59:20+00:00,3,0
@kastaniev https://t.co/5hiEcJR2SX,2022-11-04 13:29:20+00:00,1,0
joji maldito no me decepciones decid√≠ escuchar tu √°lbum primero que el de drake por algo,2022-11-04 04:10:21+00:00,1,0
Se exonera del pago al chofer de la unidad y a los estudiantes de la UEUSB.,2022-11-03 12:57:32+00:00,2,0
@MiniFreesia naguar√° para que pase eso tuvo que haber sido que si la primera que aparec√≠a üò≠,2022-11-02 21:22:57+00:00,1,0
https://t.co/aHgwBPlPwX,2022-11-02 17:16:09+00:00,4,0
"casi se me olvida. feliz noviembre el mejor mes del a√±o
https://t.co/PbDLapmAF6 https://t.co/xzhBbsbcQE",2022-11-02 00:50:07+00:00,3,1
"Ing. Qu√≠mico y Master en Ing. Qu√≠mica de la USB
Profesor de la USB entre 2005 y 2019
JD de la APUSB",2022-11-01 13:18:42+00:00,1,0
"el √∫nico √°lbum digital que tengo comprado no lo he escuchado. no paguen por escuchar m√∫sica, no paguen pon consumir‚Ä¶ https://t.co/sik4LkASsI",2022-10-31 15:55:21+00:00,1,0
"si eres hombre
y explicas
mansplaining
conclusi√≥n
no expliques si eres hombre",2022-10-30 19:22:22+00:00,2,0
"me informaron que Stephany tiene Twitter, ley√≥ nuestro preciado feedback y ahora est√° considerando cambiar a semestres. hoy ganamos amigos.",2022-10-29 16:40:30+00:00,4,0
"Ll√©guense al didactr√≥n, pueden hacer eso y est√° fino https://t.co/VnCxCHkSTE",2022-10-29 15:32:12+00:00,3,0
las capturas viejas que encuentro dios mio https://t.co/EpoZsafztQ,2022-10-29 15:29:38+00:00,1,0
@gonthal de pana,2022-10-29 14:56:43+00:00,1,0
"a veces quiero que se joda todo y que se jodan todos, genuinamente. truly frustrating",2022-10-29 06:00:23+00:00,0,1
@MiniFreesia no tiene otro nombre,2022-10-29 05:31:44+00:00,1,0
"you liked hamilton, i see https://t.co/kYAgytbP89",2022-10-29 02:40:55+00:00,1,0
les pasa que se les va la luz y ah√≠ mismo se les va el wifi? qu√© extra√±o! lo m√°s loco es que vuelve cuando vuelve la luz,2022-10-29 02:40:11+00:00,1,1
"tell me what you want
tell me what you need
a to c Îã§ ÎßêÌï¥Î¥ê
but ÏãúÏûëÏùÄ Ïù¥Î†á-Í≤å - Ìï¥
talk that talk Îî±-Ìïú-Îßà-Îîî
talk that talk l-o-v-e",2022-10-29 02:25:26+00:00,1,0
"dentro de poco cumplen un a√±o mis dos pares de aud√≠fonos, gracias dios nunca me hab√≠an durado tanto los aud√≠fonos",2022-10-29 01:52:32+00:00,2,0
https://t.co/5t9eytbyV6,2022-10-29 01:27:11+00:00,3,0
la conclusi√≥n es que si por alguna raz√≥n cualquiera que esta sea te parecen bien el r√©gimen trimestral eres un mama‚Ä¶ https://t.co/rB8dctnRcc,2022-10-28 23:52:24+00:00,2,0
yo de pana dar√© mi opini√≥n 100% sinceramente y obviamente objetiva: escuchen a su artista favorito todo el d√≠a hast‚Ä¶ https://t.co/kNyzPMKJSm,2022-10-28 21:23:06+00:00,4,0
@StephaExposito hasta donde s√© a la gente que hackean es gente que no saben nada de eso. les llega un mensaje de al‚Ä¶ https://t.co/nOPna0F4MN,2022-10-28 14:12:53+00:00,2,0
"ngl yo tengo un local y no dejo pasar a gente con android, ciertamente pelabolas.",2022-10-28 04:07:23+00:00,1,0
@aaeilrv ayudas sac√°ndote el ri√±√≥n,2022-10-27 20:13:19+00:00,1,0
@raooult elias sac√≥ 5 Bitcoins ah√≠,2022-10-27 19:58:58+00:00,1,0
https://t.co/OgtTyKlERK https://t.co/9IMmUclVn4,2022-10-27 13:33:57+00:00,1,0
"Entre las personas que amo de la universidad, est√°n los que sacan m√°s nota que t√∫ (queriendo tir√°rsela de la gran v‚Ä¶ https://t.co/KZLZkvXHIt",2022-10-27 13:06:32+00:00,1,0
@ericitodemar üò°,2022-10-26 20:00:05+00:00,1,0
@LeGranColombia simp amigo,2022-10-26 00:53:35+00:00,1,0
https://t.co/4OSVjp3Uwj,2022-10-26 00:16:43+00:00,1,0
que si top of all time https://t.co/7UUPgr70hI https://t.co/Hvg9zRFykn,2022-10-25 22:52:28+00:00,2,0
Me ha encantado leer esto de que Taylor lleg√≥ a probar muchos g√©neros para quedarse como ‚Äúreina de ninguno‚Äù porque‚Ä¶ https://t.co/ms34ATrk4o,2022-10-25 21:21:06+00:00,1,0
Manuel (una chama),2022-10-25 13:10:27+00:00,1,0
"@ElJaovich dir√≠a solo gaming, para trabajo creativo (producci√≥n m√∫sical, dise√±o gr√°fico, modelado, etc) las mac van‚Ä¶ https://t.co/cyOPsbHmhP",2022-10-24 14:40:32+00:00,1,0
@jesusbandezt https://t.co/X28qLDp4bE,2022-10-24 13:03:30+00:00,3,0
esquizofrenia https://t.co/WUQZUGkkmo,2022-10-24 12:59:48+00:00,3,0
el peor artista de latinoam√©rica https://t.co/Pwx6H45LV0,2022-10-23 18:42:22+00:00,1,0
https://t.co/VV5acYkRbe,2022-10-23 18:36:59+00:00,1,0
no apruebo el uso de Windows,2022-10-23 03:09:20+00:00,1,0
"@pupilalejana en mi ciudad el tijerazo quebr√≥ hace a√±os XD, todo ah√≠ era feo, no s√© si ahorita los estar√°n poniendo mejor",2022-10-23 00:07:04+00:00,3,0
@Mi_after_Luis un doppelganger,2022-10-22 22:54:14+00:00,1,0
"alguien de letras: hay un texto humor√≠stico que es como una narraci√≥n corta sin comas, que hace de una carta que la‚Ä¶ https://t.co/f8gttBUnmg",2022-10-22 13:54:13+00:00,3,1
@Eycer1 XDDDDDDD totalmente merecido,2022-10-22 03:01:53+00:00,1,0
"@rayitodesoli the feels
shine - pentagon
dingga
pop!
one more time - daft punk
fuck you - ceelo green
sir duke - st‚Ä¶ https://t.co/Eq8IuUXx6B",2022-10-22 01:31:48+00:00,1,0
@rohelysss dele,2022-10-22 01:09:39+00:00,1,0
@Waffle1605 siendo la de las distros m√°s feas de linux still better than windows,2022-10-21 17:21:29+00:00,1,0
quien no conoce un raulito a cualquier tom le reza,2022-10-21 17:08:07+00:00,1,0
un (1) tema https://t.co/xOYP9TWgZs,2022-10-21 16:46:43+00:00,1,0
@MiniFreesia kaggla,2022-10-21 15:58:21+00:00,1,0
tag fourself https://t.co/n92E1DSvw7,2022-10-21 14:58:56+00:00,1,0
lo hice: how to center a div.,2022-10-21 03:33:14+00:00,1,0
@StephaExposito yo y literalmente todos los compu,2022-10-20 19:25:30+00:00,3,0
sneaking 1 https://t.co/PLuF3IH18d,2022-10-20 12:28:34+00:00,1,0
esperando hoy a las 12 √°lbum de taylor swift mi artista favorita reina y se√±ora presidenta del ku klux klan,2022-10-20 10:20:41+00:00,1,0
@MiniFreesia twice saca cada 15 min √∫nete a once,2022-10-20 03:23:29+00:00,1,0
"rutas para blancos, $200 diarios üòÉ",2022-10-20 02:35:45+00:00,2,1
"@MiniFreesia XDDDDDDDD, mira pas√© por ah√≠ (fue ayer) y ni ah√≠ serv√≠a, el de Audi tambi√©n, como que todo estaba ca√≠do",2022-10-20 00:57:46+00:00,1,0
@cchangUSB fue dif√≠cil porque est√°n soldados a mis o√≠dos,2022-10-19 17:33:58+00:00,2,0
do linux pero don't ubuntu q pup√∫,2022-10-19 01:17:38+00:00,0,1
#NosDueleLaSim√≥n porque antes no nos hac√≠an bullying y ahora no puedes pasar por MEM sin que te hagan bullying,2022-10-19 01:03:46+00:00,3,0
pregunta seria por qu√© hay tantos WiFi con clave en la sim√≥n si la gente que est√° dentro por lo general son de la sim√≥n,2022-10-18 18:24:33+00:00,1,0
8 a√±os en la red social m√°s basura de internet #MyTwitterAnniversary https://t.co/IgEwBd6ppJ,2022-10-18 14:46:26+00:00,1,0
"el franc√©s es una cacofon√≠a, todo suena mal ah√≠ es incre√≠ble",2022-10-18 04:27:52+00:00,1,0
https://t.co/QNT5iNW8jj https://t.co/kGWkzjnNgQ,2022-10-17 23:43:03+00:00,1,0
@_gusgustavo tremendo √°lbum,2022-10-17 23:13:38+00:00,1,0
whatever you're thinking about: no apruebo ‚ùå,2022-10-17 02:45:49+00:00,2,0
aclarado que la gente y sobre todo en twitter no es m√°s g√ºevona e incendiaria porque no puede üéâ https://t.co/wScEm5fMP3,2022-10-16 22:41:31+00:00,1,0
https://t.co/5K89lw5fWs https://t.co/VpOUcYyxWO,2022-10-16 17:04:36+00:00,2,0
"we are just the painting
we are the canvas
we are the artwork",2022-10-16 01:15:11+00:00,1,0
esperando la kanye west night la quinta bar,2022-10-15 23:11:15+00:00,2,0
me gusta recordar hasta que queme,2022-10-15 06:40:24+00:00,1,0
realmente una era https://t.co/2Cc5vitmKz,2022-10-15 03:16:42+00:00,1,0
life hack compren aud√≠fonos con cables desmontables https://t.co/ZRf7JGC1fT,2022-10-15 02:12:16+00:00,1,0
https://t.co/faCzl74822 https://t.co/00ENfx1U5f,2022-10-14 04:21:56+00:00,1,0
claramente a crowd looked at me https://t.co/UyulX14o1b,2022-10-14 04:12:20+00:00,3,0
gente picada y el que llora y se trauma de por vida porque un d√≠a le dijeron que si no sab√≠a leer por hacer una pregunta gafa,2022-10-13 22:09:50+00:00,1,0
let's say it's interesting at least https://t.co/plKRne4E5d,2022-10-13 21:17:24+00:00,1,0
@Povalles_g se emocion√≥,2022-10-13 15:55:17+00:00,2,0
"@MiniFreesia veo entre z-lib, https://t.co/4cZ7uGHNoZ, scribd y https://t.co/UuB53daB3K, si no est√° por ah√≠ me arranco la arteria aorta",2022-10-13 01:37:22+00:00,3,0
estudien!! https://t.co/mSduTLuwMG,2022-10-13 01:33:46+00:00,1,0
@gonthal fucking librazo,2022-10-12 04:47:07+00:00,1,0
Vamos a cambiar el apodo se simonbobos por simamaguevos,2022-10-11 16:42:06+00:00,2,0
por qu√© siempre que se conmemora algo en un d√≠a sale un revolucionario diciendo que ese d√≠a deber√≠a ser todos los d‚Ä¶ https://t.co/bLGHP4dX3z,2022-10-11 03:09:56+00:00,1,0
ganas de llorar? llevar media hora escuchando un √°lbum y darme cuenta que estaba en aleatorio,2022-10-11 03:05:05+00:00,1,0
el ceic hoy est√° como que no funciona qu√© extra√±o,2022-10-10 20:11:00+00:00,3,1
extra√±o ver mates y tener un 5 regalado ahora los 5 son m√°s dif√≠ciles,2022-10-10 14:27:24+00:00,2,0
Maracay no lluevas ma√±ana,2022-10-10 06:00:56+00:00,1,0
basta de mariqueras ma√±ana entro en modo serio para el trimestre!!,2022-10-10 03:49:08+00:00,3,0
@LeGranColombia y a tu mam√° jajajajajajajaj jajajajajajajajajajajajajajajajajajajajajajajajajajajajajajajajajajajaj‚Ä¶ https://t.co/dqxUN13xT4,2022-10-10 00:45:44+00:00,2,0
@rayitodesoli soy con https://t.co/KqYxtVNk7C,2022-10-09 23:49:34+00:00,1,0
europeos orgullosos por tener ciudades caminables hermano en Latinoam√©rica tenemos para repartir ese es estados unidos que es una basura,2022-10-09 14:18:07+00:00,1,0
@SamjayMustafa empez√≥ https://t.co/wDPrN7mDT3,2022-10-09 13:59:12+00:00,1,0
dijkstra lloranding https://t.co/JRhafdFLUL,2022-10-09 04:21:06+00:00,1,0
@atlour pero ratio por circles es chimbo,2022-10-09 03:37:55+00:00,1,0
dios es grande de pana https://t.co/xIDznvARug,2022-10-09 03:36:40+00:00,1,0
emoji movie no fue tan mala,2022-10-09 01:54:31+00:00,1,0
https://t.co/kFk3qxR0TJ https://t.co/Xou67QvoOT,2022-10-09 00:16:44+00:00,4,0
@miguels1006 pana,2022-10-08 18:33:08+00:00,1,0
@valeen_te üôãüèª‚Äç‚ôÄÔ∏è,2022-10-08 18:31:34+00:00,1,0
c√≥mo carajo se pausa un reel en instagram chamo,2022-10-08 17:01:35+00:00,1,0
"@MiniFreesia en realidad lo m√°s plausible es que gire sobre s√≠ mismo pero horizontalmente, y no aparece esa opci√≥n",2022-10-08 14:06:34+00:00,2,0
tampoco es como que alguien compre una computadora usada buscando restaurar el disco duro del anterior due√±o üòê https://t.co/vb51QSpG8f,2022-10-08 14:04:45+00:00,1,0
@vallha11a las elecciones del 2024,2022-10-08 14:01:33+00:00,1,0
@gonthal son regletas tipo torre creo,2022-10-08 03:06:41+00:00,1,0
@EsJavier_ de m√≠nimo com√∫n m√∫ltiplo,2022-10-08 00:54:17+00:00,1,0
@barbscarlet yo cuando vi f√≠sica 1 con mi honorable rector Stephany,2022-10-07 21:47:41+00:00,1,0
@EsJavier_ s√≠ o s√≠,2022-10-07 20:34:11+00:00,1,0
https://t.co/dV0r8o58NU https://t.co/useLVJ8FVi,2022-10-07 17:24:12+00:00,1,0
firmas para eliminar las f√≠sicas de la carrera de computaci√≥n,2022-10-06 22:44:13+00:00,2,0
@Maryelissth la verdadera fiebre,2022-10-06 16:39:17+00:00,1,0
pensando de pana https://t.co/q8Pdb23AB7,2022-10-06 05:28:40+00:00,1,0
"gente que usa solo twitter like ""facebook est√° muriendo"" o ""facebook est√° muerto"" y facebook con 6 veces m√°s usuari‚Ä¶ https://t.co/SptIUo420r",2022-10-06 03:57:47+00:00,2,0
@MiniFreesia el pasado met√≠ 5 por primera vez y aunque las pas√© ha sido el trimestre en el que peor me ha ido desde‚Ä¶ https://t.co/nqhgw2TUik,2022-10-06 02:32:53+00:00,2,0
"@ericitodemar tampoco es que molesten demasiado XD, estoy hablando paja y ya",2022-10-05 16:40:32+00:00,1,0
"deber√≠an haber listas de correo de ciclo b√°sico y de cada carrera (no s√© si la hay, parece que no). qu√© fastidio re‚Ä¶ https://t.co/LjVbdckpcK",2022-10-05 16:11:17+00:00,1,0
@MiniFreesia ma√±ana en yt sin falta,2022-10-05 02:44:54+00:00,1,0
@1500ann la del papel jsasjsS,2022-10-05 02:17:25+00:00,1,0
@Eycer1 ü§£ opt√© por un dise√±o minimalista,2022-10-04 19:18:16+00:00,1,0
la pizza de don cangrejo es la mejor pizza para m√≠ para ti!!!,2022-10-04 04:57:42+00:00,1,0
@EsJavier_ probablemente Sergio Rojas.,2022-10-03 18:42:06+00:00,1,0
@rohelysss nOOO üò≠üò≠,2022-10-03 04:10:43+00:00,1,0
@MiniFreesia pa probar,2022-10-02 23:37:32+00:00,1,0
me pareci√≥ bamboo https://t.co/Wtg4bRwKu6,2022-10-02 23:24:56+00:00,1,0
"llevo ya casi un a√±o que me compr√© mis 2 aud√≠fonos, q amo como se escuchan, y cm ya me acostumbr√© a escuchar m√∫sica‚Ä¶ https://t.co/yuEsHsqviM",2022-10-02 21:01:28+00:00,1,0
¬°feliz 2 de octubre!,2022-10-02 04:01:02+00:00,1,0
@rosalia c√≥mo est√°s resp√≥ndeme en ig,2022-10-02 00:21:06+00:00,2,0
"los algoritmos de instagram est√°n jodidos en un nivel que resulta incomprensible, nojoda",2022-10-01 22:01:14+00:00,1,0
el co√±√≠simo de la madre con windows https://t.co/ztD5fMZsvk,2022-10-01 18:46:18+00:00,2,0
@amanda_v18 am√©n,2022-10-01 04:35:20+00:00,1,0
me putting my liked playlist on shuffle i have 11k songs btw,2022-10-01 04:34:46+00:00,1,0
"un mes ah√≠, y el madrile√±o 4 veces porque la tengo mal tagueada https://t.co/sbadWl2ODo",2022-10-01 04:29:18+00:00,1,0
hay alguna forma de ver 5 asignaturas regulares en un trimestre?,2022-10-01 02:31:39+00:00,1,0
"Si quieren aprender de diplomacia y negociaci√≥n no lo piensen dos veces, USBMUN es su mejor opci√≥n.",2022-09-28 05:50:20+00:00,1,0
"propongo un orden alternativo para un verano sin ti, est√° mal ordenado",2022-09-28 02:40:54+00:00,1,0
@aaeilrv era para oscar,2022-09-27 00:54:30+00:00,1,0
@ericitodemar ¬°buenas noches a ti tambi√©n!,2022-09-26 23:29:26+00:00,4,0
@EsJavier_ pc gamer oy√≥,2022-09-26 03:15:56+00:00,1,0
https://t.co/DCFHNfevhS,2022-09-25 20:23:53+00:00,2,0
@jesusbandezt me faltan dos calaveras todav√≠a üòì,2022-09-25 17:13:36+00:00,1,0
ez pz üö¨ https://t.co/4JqNpzRuT8,2022-09-25 09:01:44+00:00,1,0
clare torry aparece de la nada y graba en dos tomas y media las mejores vocales jam√°s escuchadas por un pago de ¬£30 https://t.co/2BeMbuxn1m,2022-09-24 02:49:05+00:00,1,0
hard images https://t.co/Xv7TjsAeEp,2022-09-23 08:51:42+00:00,2,0
tengo menos de 5 d√≠as para hacer una webapp que me saque de la pobreza,2022-09-23 00:08:55+00:00,1,0
"bot√≥n de 2x en tiktok, por favor",2022-09-22 06:13:35+00:00,1,0
el rap de maincra https://t.co/xyAtCoQAjz,2022-09-21 21:46:42+00:00,3,0
te env√≠o poemas de mi pu√±o y letra,2022-09-21 21:45:52+00:00,2,0
@gonthal al final de los avances gr√°ficos m√°s recientes. de otra forma se tendr√≠a un juego lanzado el 2024 con gr√°ficos que si del 2019 üòê,2022-09-21 17:10:14+00:00,1,0
"@gonthal a lo mejor era cierto antes, o en rpgs viejos o novelas gr√°ficas en las que se modelan los sprites/persona‚Ä¶ https://t.co/K2huwzQbtf",2022-09-21 17:09:53+00:00,1,0
youtube rewind 2017,2022-09-21 08:29:30+00:00,1,0
@StephaExposito la cura del insomnio,2022-09-21 08:29:08+00:00,1,0
potatoes and molasses,2022-09-20 01:16:02+00:00,1,0
ver over the garden wall por cent√©sima vez lo har√©,2022-09-20 01:16:01+00:00,1,0
https://t.co/VFe8LETrCD,2022-09-18 23:47:56+00:00,1,0
"quisiera tener un ds de nuevo, era feliz cuando ten√≠a un ds",2022-09-18 04:01:14+00:00,1,0
dura https://t.co/waL5OvOnEP,2022-09-18 02:41:25+00:00,1,0
"el d√≠a que tom√© esta foto fue un mood, me da nostalgia https://t.co/Z7NAYW5ytq",2022-09-13 23:50:25+00:00,1,0
@rohelysss le quitas las primeras dos l√≠neas y soy yo,2022-09-13 06:17:20+00:00,1,0
@ceiradyb nicee ily,2022-09-12 23:36:06+00:00,1,0
extraordinary attorney woo&gt;&gt;better call saul,2022-09-10 18:01:53+00:00,2,1
bueno https://t.co/wAtt6HzSlE,2022-09-09 01:17:30+00:00,1,0
@MiniFreesia un buen mondongo,2022-09-08 08:16:07+00:00,1,0
@andresitorresm est√° bello,2022-09-07 18:29:45+00:00,1,0
"@gonthal lo siento rey esta pel√≠cula requiere m√≠nimo 16gb de ram, tarjeta gr√°fica de 4gb y 1tb ssd",2022-09-06 21:29:50+00:00,1,0
el apple event es ma√±ana aaa üò≠üò≠,2022-09-06 19:05:48+00:00,1,0
@aaeilrv ya va pero el √Åvila es mujer entonces o c√≥mo,2022-09-05 00:28:16+00:00,1,0
me recomendaron a little life y no s√© si leerlo ahorita bc i haven't been doing very well recently and i feel like it'll destroy me,2022-09-01 08:04:22+00:00,1,0
desfilaba en mil√°n,2022-08-31 22:25:30+00:00,1,0
"@Eycer1 no s√© si es cierto o falso, yo siento que escribo igual de r√°pido en ambos, solo uso dvorak porque ya me ac‚Ä¶ https://t.co/3ZXinNcqeU",2022-08-31 00:58:03+00:00,1,0
@StephaExposito lo mejor,2022-08-31 00:54:20+00:00,1,0
te amo chaeyoung,2022-08-30 19:32:22+00:00,0,1
almond milk that's the tweet,2022-08-30 05:19:07+00:00,0,1
a lil bit silly pero stream talk that talk https://t.co/M6CAXX7TFJ,2022-08-29 20:16:54+00:00,1,0
https://t.co/73zre4j3t6,2022-08-29 03:36:33+00:00,1,0
@amanda_v18 bonito outfit,2022-08-28 23:13:17+00:00,1,0
"realmente me dan ganas de llorar cuando alguien dice que in rainbows es mejor que ok computer, c√≥mo se puede ser tan triste",2022-08-28 22:27:54+00:00,2,0
@atlour t√∫ s√≠ eres marico raul,2022-08-28 22:24:59+00:00,2,0
unos peces https://t.co/xXpSclYzKp,2022-08-28 17:53:44+00:00,1,0
incredible how bohemian rhapsody no entra ni en las 5 (o hasta 10) mejores canciones de queen y a√∫n as√≠ es la vaina m√°s mamada del universo,2022-08-28 04:46:56+00:00,4,0
one more chance,2022-08-28 03:44:26+00:00,1,0
empezamos mal https://t.co/O8bMKpLnfw,2022-08-28 03:42:40+00:00,1,0
"off,",2022-08-27 07:03:37+00:00,1,0
"don't do geogebra, de pana qu√© horrible quiero llorar üò≠üò≠",2022-08-27 03:55:36+00:00,1,0
hoy nace la m√∫sica. https://t.co/g91AMCcEv9,2022-08-26 03:58:14+00:00,1,0
yo https://t.co/NgwZtj4LTP,2022-08-25 15:56:50+00:00,1,0
gafo porque igual cuando estaba a 5 ve√≠a a gente meti√©ndose en la calculadora para hacer conversiones,2022-08-24 17:14:39+00:00,1,0
"veo otro """"""chiste"""""" de d√≥lares y tablas de multiplicar y me explotar√° una vena",2022-08-24 17:14:39+00:00,3,0
me acord√© del bomboclaat dios,2022-08-24 06:02:49+00:00,1,0
https://t.co/LU0IIimsz7,2022-08-23 23:55:33+00:00,2,0
@LeGranColombia @ceiradyb Tu recherches quoi ici?,2022-08-23 19:27:44+00:00,1,0
foto vieja que me gust√≥ https://t.co/q2Oi5hYfVM,2022-08-23 19:14:10+00:00,2,0
@angel16012 una met√°fora de vivir en Venezuela,2022-08-23 03:37:28+00:00,1,0
tener un xiaomi es una maldici√≥n,2022-08-22 01:38:56+00:00,1,0
lasso se ve raro https://t.co/boh4j0bJ3Y,2022-08-21 17:29:33+00:00,2,0
"twitter mete reels y es mi fin,,,,",2022-08-21 05:00:01+00:00,1,0
la primera semana de vacaciones vi m√°s pel√≠culas que en los √∫ltimos 3 a√±os,2022-08-21 01:01:58+00:00,1,0
no pas√≥ nada that's just me,2022-08-20 17:42:46+00:00,1,0
@aaeilrv en la victoria las regalan,2022-08-20 02:22:20+00:00,1,0
yo https://t.co/EymGhomQVn,2022-08-19 15:04:34+00:00,1,0
otro d√≠a de llorar,2022-08-19 14:11:06+00:00,1,0
mor√≠ con los outfits de jennie y el beat en el rap de lisa solo por eso streamear√© un mill√≥n de veces pink venom esta semana #PINKVENOM,2022-08-19 04:21:54+00:00,1,0
"acabo de recordar que dije que iba a ver los episodios de knowing brothers de twice cuando salga de vacaciones, bue‚Ä¶ https://t.co/RnbzdjOpP8",2022-08-18 01:56:28+00:00,1,0
y si convierto mi cuenta en una stan account de chaeyoung no s√© https://t.co/tApZDRcsjQ,2022-08-17 03:08:31+00:00,4,0
i really wanna die me hace falta x.x,2022-08-17 03:07:37+00:00,1,0
@aaeilrv no es t√≠pico pero el pan en ccs es üí©,2022-08-17 01:36:47+00:00,1,0
quiero peluches de bt21 üò≠,2022-08-16 02:15:25+00:00,1,0
hora de pasar todo el d√≠a escuchando m√∫sica para olvidarme de que existo,2022-08-15 16:03:17+00:00,2,0
https://t.co/pXO8BzzCZu,2022-08-15 15:54:17+00:00,1,0
"usuario de windows que veo, usuario de windows que pateo.",2022-08-14 21:09:36+00:00,1,0
https://t.co/OcCqQPCwpf,2022-08-14 17:13:57+00:00,1,0
inverse fomo,2022-08-14 02:53:03+00:00,1,0
cosas cringueworthy que encuentro por ah√≠ https://t.co/d7t9nvlAn8,2022-08-13 03:13:37+00:00,4,0
creo que mi pelo es infinito porque se cae demasiado y nunca se acaba,2022-08-13 03:07:54+00:00,1,0
"¬øJannette McCurdy? No, lo siento, no la conozco, he estado muy ocupado leyendo verdaderas obras literarias que s√≠ l‚Ä¶ https://t.co/BS2u9EMjzR",2022-08-13 01:03:32+00:00,1,0
@StephaExposito pasar f√≠sica 2,2022-08-12 03:37:55+00:00,2,0
https://t.co/gniax95Hud,2022-08-11 15:50:21+00:00,2,0
"@ana_valentina04 yo siempre veo el peso primero, hay carpetas que si de 2k fotos que pesan 30mb y las dejo pq no es‚Ä¶ https://t.co/AxjCbKGqm7",2022-08-10 16:53:25+00:00,4,0
mi granja https://t.co/GGqLrJqSJq,2022-08-08 21:18:34+00:00,2,0
mi sue√±o es que quiten circles de twitter,2022-08-08 00:56:50+00:00,1,1
"@elehanny si te sirve en ingl√©s, yo inici√© desde cero con este https://t.co/uS88t5elw5, son 4 cursos, est√°n super b‚Ä¶ https://t.co/vrUnE4U10n",2022-08-08 00:55:29+00:00,3,0
"@amanda_v18 AA yo tambi√©n quiero leerme uno de Kazuo Ishiguro estas vacaciones, Never Let Me Go ü•∫, nunca he le√≠do n‚Ä¶ https://t.co/2M9ItTFSdj",2022-08-07 21:25:14+00:00,1,0
est√°n los mamadores y luego los que dicen que better call saul es mejor que breaking bad,2022-08-07 19:07:53+00:00,3,0
@aaeilrv por decirle marico a Francisco por twitter,2022-08-07 00:42:59+00:00,1,0
@amanda_v18 cu√°les son los otros üëÄ,2022-08-07 00:41:36+00:00,1,0
"@ceiradyb claro, irte y que te boten por no inscribir es otra cosa xddd, pero hay gente que la botan por √≠ndice o a‚Ä¶ https://t.co/cy10zivBPl",2022-08-07 00:38:19+00:00,1,0
o no??? ahora no s√©,2022-08-06 17:50:00+00:00,1,0
este tuit de mierda est√° mal escrito nojoda,2022-08-06 17:49:34+00:00,1,0
@manuespagueti arrancar flores es vandalismo üò≠,2022-08-03 21:59:16+00:00,1,0
@ericitodemar B√°rbara es pagada por el gobierno,2022-08-03 13:47:56+00:00,2,0
@MiniFreesia reg√°lame esos aud√≠fonos,2022-08-02 15:01:56+00:00,1,0
"Esto me recuerda aquel proverbio chino que dice:
Áë©Êà≠ÁâØÊï§ÊÖ≤Ê•§Áçµ Á°∞ÊàªÁâØÊï§ ÊÖ≤Ê•§ÁçµÁ°∞ÊâßÁçßÊê¥Êëª Áç©Ê±∞Á•°Êà∫ÊΩ¨Ê≠£ÁÄª ÁçØÁë©ÊΩ©Êï≤ÊÖ¨Ê•¥Êï∂ÊâßÁçß Êê¥Á≠ÆÊ•§ÁÅ≥ÊÖ¨Êπ©Ê•¨ÊïÆÊà≠ÊΩ¨ Êú£Ê•¢Áê¥ÊâßÊâß ÊÖ≤Ê•§ÁçµÁ°∞Êï∑Ê≠¢
Áë©Êà≠‚Ä¶ https://t.co/VAfaGPoaZ1",2022-08-01 17:50:10+00:00,1,1
@arjogezh √°cido ü§£ü§£ü§£ü§£ü§£ü§£ü§£ü§£ü§£ü§£ü§£ü§£ü§£ü§£ü§£ü§£ü§£ü§£ü§£ü§£ü§£ü§£ü§£ü§£ü§£ü§£ü§£ü§£ü§£ü§£ü§£ü§£ü§£ü§£ü§£ü§£ü§£ü§£ü§£ü§£ü§£ü§£ü§£ü§£ü§£ü§£ü§£ü§£ü§£ü§£ü§£ü§£ü§£ü§£ü§£ü§£ü§£ü§£ü§£ü§£ü§£,2022-08-01 13:42:18+00:00,1,0
@MiniFreesia rumbo al √©xito,2022-08-01 04:05:50+00:00,1,0
"√∫ltimamente la gente anda cayendo en unos baits que si ""opino que para optar por alg√∫n cargo de representaci√≥n en l‚Ä¶ https://t.co/7tgNibfG63",2022-08-01 04:02:30+00:00,1,0
a veces la gente se come unos baits tan de mierda que me da ganas de llorar y todo,2022-07-31 13:53:18+00:00,4,0
@rayitodesoli fue a prop√≥sito,2022-07-31 01:16:44+00:00,1,0
otro d√≠a sin un hijo de c. tangana,2022-07-30 21:33:53+00:00,1,0
cada d√≠a del trimestre digo bueno no puede ser peor ma√±ana seguro en mejor y guess what tomorrow happens to be actually worse,2022-07-30 00:10:11+00:00,2,0
animos por el inframundo,2022-07-29 18:51:28+00:00,2,1
a quevedo nadie lo conoc√≠a hace 15 minutos y su sesi√≥n con visa es bien mala... https://t.co/P08PTshOaZ,2022-07-29 01:15:15+00:00,2,0
@aaeilrv @raooult el diminutivo https://t.co/sGSnUkhY6i,2022-07-28 04:24:55+00:00,1,0
@aaeilrv yo viv√≠ dos a√±os en Beijing y naturalmente termin√© aprendiendo 5000 palabras e ideogramas,2022-07-28 02:39:21+00:00,1,0
"@aaeilrv y el √∫ltimo d√≠a para entregar notas el lunes de semana 8, as√≠ los profesores tienen empat√≠a y nos ponen a‚Ä¶ https://t.co/xR57yhWHmk",2022-07-28 01:55:38+00:00,4,0
"@josmard_ tener iconos en el escritorio ya es mucho, men√∫ y anclados en la barra de tareas pa todo",2022-07-26 17:04:27+00:00,1,0
@guty_010 en agostoo,2022-07-25 00:55:10+00:00,1,0
ojal√° eliminen los circles como eliminaron los fleets,2022-07-24 23:25:00+00:00,1,0
@josmard_ as√≠ son,2022-07-24 04:21:14+00:00,1,0
@raooult kurvilinia y elokuente,2022-07-24 00:48:25+00:00,1,0
dios es grande https://t.co/4n8fprDDWJ,2022-07-23 23:37:34+00:00,1,0
"imagina tener m√°s de 12 a√±os, que sea 2022 y que tu sue√±o sea ir al tomorrowland",2022-07-23 20:03:09+00:00,4,0
@valeriasrc_ no saques el tel√©fono que por ah√≠ roban.,2022-07-22 23:06:20+00:00,2,0
to allocate: alocar,2022-07-21 13:40:17+00:00,1,0
un (1) tema https://t.co/DGRL2QjpVY,2022-07-20 04:07:11+00:00,1,0
@valeriasrc_ then i heard they slept together,2022-07-18 23:34:37+00:00,1,0
"yo este trimestre con 4 materias: muelto
yo el trimestre que viene: vamos a meter 7 creo que s√≠ puedo",2022-07-18 23:31:57+00:00,1,0
soy yo https://t.co/H9u3bEp1aZ,2022-07-17 17:49:33+00:00,1,0
@soapAlef no vale esa la meto en el top 52,2022-07-17 13:48:49+00:00,2,0
si la sesi√≥n de la villana entra en tu top 3 solo puedo pensar que has  escuchado 3 sesiones no seas malo,2022-07-17 01:24:46+00:00,3,0
@gonthal https://t.co/xKJtyGQt5c,2022-07-16 00:53:26+00:00,2,0
geco nunca anunci√≥ el ganador üòê,2022-07-15 23:49:20+00:00,1,0
@raooult te veo y no te pelo!!,2022-07-15 01:46:58+00:00,1,0
send help con el lab de lenguajes üò≠,2022-07-15 00:05:12+00:00,1,0
@raooult https://t.co/WcyqcDArVY,2022-07-14 00:04:12+00:00,1,0
cuando sea profesor de mate 1 evaluar√© toda la materia con un solo ejercicio de optimizaci√≥n de 100 puntos el viernes de la √∫ltima semana,2022-07-14 00:00:09+00:00,1,0
"@raooult no es raz√≥n para motivar a alguien a que ni siquiera intente entenderlo, pero es razonable que en mate 1 s‚Ä¶ https://t.co/CkHF5xOmib",2022-07-13 23:22:52+00:00,2,0
@raooult mrc en mate 1 nadie entiende esa vaina xddd yo lo entend√≠ como a mitad de mate 2,2022-07-13 23:21:15+00:00,1,0
https://t.co/fAA8DcnPPM https://t.co/8738dmDz5z,2022-07-13 20:23:34+00:00,1,1
"@pupilalejana no s√©, veo bonitas las fotos, e incre√≠ble que a√∫n con todo lo que se ve en ellas sea solo una fracci√≥‚Ä¶ https://t.co/3ySKp3ywf2",2022-07-13 18:31:37+00:00,4,0
@angel16012 yo en primer grado escrib√≠a ensayos de geopol√≠tica,2022-07-13 17:05:51+00:00,1,0
har√© hilo objetivo de top 40 sencillos de kpop de todos los tiempos,2022-07-13 00:51:25+00:00,2,0
@jesusbandezt https://t.co/OHsRaBWphi,2022-07-12 19:01:38+00:00,1,0
@MiniFreesia ya s√© para no verla,2022-07-12 05:53:10+00:00,1,0
@amanda_v18 invita,2022-07-12 01:25:31+00:00,2,0
@aaeilrv yo necesitaba esto,2022-07-11 17:59:35+00:00,1,0
"no hab√≠a tenido un trimestre tan malo creo que desde que entr√©, qu√© chimbo",2022-07-11 16:18:47+00:00,2,0
le pas√≥ al mac,2022-07-10 01:07:45+00:00,4,0
https://t.co/7WEB8hRMxq,2022-07-09 20:42:36+00:00,2,0
people really think being afraid of this shit is really a thing nigga wtf https://t.co/QXoOydHTgg,2022-07-09 15:33:14+00:00,1,0
@MiniFreesia es un chipo rip te perdimos,2022-07-09 03:09:26+00:00,1,0
literalmente mi circle https://t.co/UrVpXeoMFT,2022-07-08 18:18:38+00:00,2,0
"aunque sinceramente, primero, no s√© qu√© hay que hablar de m√≠, y segundo, estar√≠a chimbo perder el tiempo en eso hay‚Ä¶ https://t.co/91uTE2uFms",2022-07-08 02:57:00+00:00,1,0
perturbado que pueda existir un circles donde hablen paja de m√≠,2022-07-08 02:56:58+00:00,1,0
nadie se ha puesto a pensar que llegando a la uni hay un cartel que dice que la uni est√° a 400m y no parecen 400m.... ponsando pensamientos,2022-07-07 11:45:01+00:00,4,0
@MiniFreesia no luches doittt,2022-07-07 09:28:37+00:00,1,0
@soapAlef no me qued√≥ de otra que volverme heterosexual.,2022-07-07 04:09:46+00:00,4,0
@raooult qu√© pato jajasjasj,2022-07-07 01:15:07+00:00,1,0
"perd√≠ la partida, soy un malo",2022-07-06 18:41:41+00:00,1,0
"@guty_010 dos en ingl√©s, uno en espa√±ol, uno en coreano y uno pinyin. no s√© coreano ni mandar√≠n pero es curioso y a‚Ä¶ https://t.co/eZpcA2gVg5",2022-07-06 12:06:02+00:00,3,0
estaba en su lecho de muerte pidiendo perd√≥n por sus pecados https://t.co/rHTss7zy29,2022-07-06 12:01:40+00:00,1,0
@MiniFreesia O,2022-07-06 05:49:29+00:00,1,0
"thank you de dido es tremendo sample, l√°stima que se le ocurri√≥ a eminem y no a alg√∫n rapero de verdad",2022-07-05 19:34:01+00:00,1,0
@EsJavier_ qu√© bueno,2022-07-05 04:11:21+00:00,1,0
https://t.co/TSY95I7t3Y,2022-07-04 23:48:54+00:00,1,0
@aaeilrv dale un co√±azo,2022-07-04 17:53:11+00:00,2,0
https://t.co/xn1FU6jrZs https://t.co/9VFbtCqCvg,2022-07-04 04:30:14+00:00,1,0
"@valeriasrc_ decenas de √°lbumes me han cambiado la vida, el m√°s reciente el madrile√±o de c tangana. y abbey road de‚Ä¶ https://t.co/mPzR7v5KLC",2022-07-04 03:22:24+00:00,1,0
overleaf puede ser indudablemente el peor software del universo pero en serio prefiero usarlo a usar microsoft word,2022-07-03 23:36:30+00:00,4,0
"@gonthal dice que cada n√∫mero del tri√°ngulo de pascal se calcula como la suma de los dos de arriba, y qu√© curioso y‚Ä¶ https://t.co/6vQjGXO54l",2022-07-03 02:36:36+00:00,2,1
"@gonthal if you know, you know https://t.co/32VeHXh9tk",2022-07-03 01:38:14+00:00,4,0
rip https://t.co/mHWHvEeP1f,2022-07-02 22:30:38+00:00,1,0
"como que me bajaron el bot de telegram para buscar y descargar material de geco, no autorizo de pana nojoda",2022-07-02 05:37:37+00:00,3,0
no subestimen a waelria tiene + poder del q parece https://t.co/bpnLa1XA0l,2022-07-02 00:39:30+00:00,4,0
@ericitodemar ya me preguntaba yo c√≥mo se supone que se sostendr√≠a con las lluvias,2022-07-01 22:02:22+00:00,1,0
@kekhaherbivore se desbloquea en el tercer a√±o de carrera,2022-07-01 21:59:24+00:00,3,0
@MiniFreesia noo siempre ha tenido,2022-07-01 03:48:06+00:00,1,0
@noymporta sigueme,2022-07-01 02:24:39+00:00,1,0
"@Maryelist20 gracias amigaaa üôèüèªü§ó ah√≠ te guard√© torta, cuando te vea te la doy",2022-06-30 13:56:52+00:00,2,0
esta canci√≥n fue una obra https://t.co/hFdxM4H6BR,2022-06-30 01:15:06+00:00,1,0
@ericitodemar qui√©n m√°s te ha regalado un globo en tu vida...... https://t.co/tzvIWwqOjm,2022-06-30 00:30:22+00:00,1,0
@amanda_v18 tenga su tel√©fono cargado y descargue pdfs  y videos por si acaso,2022-06-29 01:28:24+00:00,1,0
@fungikami chitika,2022-06-28 16:40:04+00:00,1,0
conocimiento en postres https://t.co/L8MvMJgHIo,2022-06-27 16:12:37+00:00,1,0
@MiniFreesia lo que avanza m√°s r√°pido es el fin de semana,2022-06-27 06:15:41+00:00,1,0
@soapAlef https://t.co/oyA5sfe1Sm,2022-06-27 05:51:07+00:00,1,0
d√≥nde t vea t pateo ese culo Sof√≠a Texeira!!!,2022-06-27 04:25:19+00:00,3,1
https://t.co/m6GRHQcfYc https://t.co/dNeSYH0wRn,2022-06-27 03:47:36+00:00,1,0
https://t.co/EClQRb2h80 https://t.co/NO9TgC51jE,2022-06-26 14:15:56+00:00,3,0
@EsJavier_ con ese tama√±o de letra debes estar ciego,2022-06-26 03:25:56+00:00,2,0
bueno yo s√≠ quiero ver a oscar en traje de ba√±o,2022-06-25 23:20:07+00:00,4,0
@aloortu t√∫ si eres marico raul,2022-06-25 18:37:56+00:00,2,0
"Llevo 3 semanas sin jugar y ando en un setup diferente, as√≠ que manco es mi segundo nombre.",2022-06-25 06:22:01+00:00,2,0
@valenbozaa la de call me if you get lost üò≠üò≠,2022-06-24 18:14:00+00:00,1,0
"estoy buscando al mamag√ºevo, etiqueta al mamag√ºevo.",2022-06-24 17:30:42+00:00,1,0
@noymporta yo cuando me dicen gordo,2022-06-24 17:29:43+00:00,1,0
"@amanda_v18 los efectos visuales, las actuaciones y la direcci√≥n me parecen incre√≠bles, pero cuando la vi se me hiz‚Ä¶ https://t.co/nKj5b2u6wT",2022-06-24 05:40:31+00:00,1,0
si alguien me dijera que interestelar es la mejor pel√≠cula de ciencia ficci√≥n llorar√≠a demasiado porque si esa basu‚Ä¶ https://t.co/2OaXNRJO3X,2022-06-24 05:25:14+00:00,2,0
"el grupo de whatsapp de mate 3 es cringue en estado puro, deber√≠an clausurarlo ahorita mismo.",2022-06-24 03:18:49+00:00,3,0
qu√© fastidio https://t.co/1493OUV4S9,2022-06-23 23:07:43+00:00,1,0
@MiniFreesia cu√°nto sacaste,2022-06-23 15:39:48+00:00,1,0
@amanda_v18 el video es del 22 de junio del 2020 jajsajjasj,2022-06-23 03:31:22+00:00,1,0
mi felicidad depende del debut de nayeon por favor que sea viernes ya,2022-06-22 22:57:32+00:00,1,0
@valent3_ve el dinero es para asfaltar y cortar arbolitos üòî,2022-06-22 20:41:41+00:00,1,0
https://t.co/W9qT3XCLur,2022-06-22 02:05:29+00:00,4,0
@EsJavier_ mi casa bb,2022-06-22 00:06:55+00:00,1,0
@amanda_v18 lo mejor,2022-06-21 23:07:32+00:00,1,0
@angel16012 le contar√© a mis nietos que mi universidad me bot√≥ por tuitear,2022-06-21 18:46:07+00:00,4,0
@valent3_ve el pabell√≥n que queda m√°s al fondo,2022-06-21 00:02:06+00:00,1,0
cualquier canci√≥n aqu√≠ siendo mejor que toda la discograf√≠a de aquel otro d√∫o franc√©s de electr√≥nica https://t.co/LDSMUIq2f7,2022-06-20 00:36:59+00:00,1,0
@luisyeguezm El √∫nico en realidad.,2022-06-19 18:48:20+00:00,1,0
ü•∫‚ú®üíû‚úåüèªüïäÔ∏èüè≥Ô∏èüôèüèª‚òÆÔ∏èü•∫‚ú®üíû‚úåüèªüïäÔ∏èüè≥Ô∏èüôèüèª‚òÆÔ∏èü•∫‚ú®üíû‚úåüèªüïäÔ∏èüè≥Ô∏èüôèüèª‚òÆÔ∏èü•∫‚ú®üíû‚úåüèªüïäÔ∏èüè≥Ô∏èüôèüèª‚òÆÔ∏èü•∫‚ú®üíû‚úåüèªüïäÔ∏èüè≥Ô∏èüôèüèª‚òÆÔ∏èü•∫‚ú®üíû‚úåüèªüïäÔ∏èüè≥Ô∏èüôèüèª‚òÆÔ∏èü•∫‚ú®üíû‚úåüèªüïäÔ∏èüè≥Ô∏èüôèüèª‚òÆÔ∏èü•∫‚ú®üíû‚úåüèªüïäÔ∏èüè≥Ô∏èüôèüèª‚òÆÔ∏èü•∫‚ú®üíû‚úåüèªüïäÔ∏èüè≥Ô∏èüôèüèª‚Ä¶ https://t.co/fzZUzJSuVP,2022-06-19 03:27:09+00:00,2,0
est√° bueno el libro de haskell https://t.co/RzUbwQ0I94,2022-06-18 23:50:15+00:00,2,0
@barbscarlet los premios est√°n buenos,2022-06-18 17:37:53+00:00,2,0
didn't see nothing https://t.co/sjNRnLETJA,2022-06-18 16:18:06+00:00,2,0
https://t.co/SbSYbME1fZ,2022-06-18 03:09:39+00:00,2,0
"Les confieso amigos, a mi antes me iba muy mal en la vida, pero desde que compr√© mi escoba nueva... pues me barre bien. :v",2022-06-17 00:12:24+00:00,3,0
https://t.co/EWl3AlrmJW,2022-06-16 13:40:16+00:00,2,0
@andrea_kdm_ d√≥nde encuentro esos amigos,2022-06-16 01:37:30+00:00,1,0
@cassiebyskins y t√∫ est√°s haciendo eso hoy?? üò≠,2022-06-16 01:08:36+00:00,1,0
¬ø https://t.co/rJ0RlUncMO,2022-06-15 17:46:32+00:00,3,0
@ericitodemar me veo,2022-06-15 13:46:35+00:00,1,0
https://t.co/zt37HtqL46,2022-06-15 10:17:15+00:00,1,0
"misleading porque who dat boy la escuch√© como un mill√≥n de veces.
por otro lado me disculpo por escuchar rock en es‚Ä¶ https://t.co/yrDWF2V34s",2022-06-13 13:49:36+00:00,1,0
"@sarajademarie yooo ,lo mejor",2022-06-12 20:07:01+00:00,1,0
@jesusbandezt frases que marcaron mi vida irreversiblemente,2022-06-12 16:41:52+00:00,1,0
cu√°ndo hizo falta netflix https://t.co/u1BCdu4KPb,2022-06-12 00:38:59+00:00,1,0
el nestea de lim√≥n es mejor pues,2022-06-11 22:15:58+00:00,2,1
@EsJavier_ lo importante es pelar el culo estoy esperando tu fotoculo,2022-06-11 14:18:52+00:00,2,0
mi proyecto de traductores was a beautiful piece of software no te miento,2022-06-11 05:26:53+00:00,1,0
@ericitodemar luego le doler√°n a √©l de tanto ir a manifestaciones,2022-06-11 05:24:00+00:00,1,0
@noymporta igual iba a votar por ti ntp,2022-06-11 03:08:05+00:00,1,0
votar para m√≠ es f√°cil porque uno me tiene bloqueado y el otro no,2022-06-11 02:34:40+00:00,2,0
@soapAlef c√≥mo se llama este amigo.,2022-06-09 13:19:08+00:00,1,0
@soapAlef CALBOOOOO,2022-06-09 03:26:34+00:00,1,0
@jesusbandezt @_ArturoY XDDDDD,2022-06-08 23:08:39+00:00,1,0
@jesusbandezt @_ArturoY te sale refactor amigo,2022-06-08 14:29:15+00:00,1,0
pa cuando el de caraota,2022-06-08 01:25:44+00:00,2,0
coding in c is a lovely experience,2022-06-07 23:34:27+00:00,3,0
https://t.co/j82B6OrQcP https://t.co/AyqPZCxTC9,2022-06-07 16:36:28+00:00,2,0
co√±o sali√≥ bonita esta foto en realidad https://t.co/wvPyGfZQLT,2022-06-07 05:09:14+00:00,3,0
M2!!!!!!!!!!!!!!!!!!!!!!!!!!!,2022-06-06 17:57:48+00:00,1,0
@arjogezh https://t.co/eyGeF3kvo1,2022-06-06 16:41:51+00:00,1,0
Hoy es la #WWDC22 üò≠,2022-06-06 13:07:28+00:00,1,0
quiero llorar de anxiety dios nps,2022-06-06 05:26:34+00:00,1,0
Me gusta la f√≠sica te√≥rica y las matem√°ticas puras,2022-06-06 03:19:09+00:00,2,0
ojal√° chamo,2022-06-06 02:24:08+00:00,1,0
y de repente despierto y twitter usb nunca existi√≥ era un sue√±o y yo estoy en un hospital saliendo de un coma de 6 a√±os sin una pierna,2022-06-06 02:24:07+00:00,4,0
este es el peak de los youtube poop hispano https://t.co/IfpjsdjZgr,2022-06-05 23:19:57+00:00,1,0
"de pana yo no entiendo a la gente que vive en Maracay y odia all√°, puro pelamachete. yo amo Maracay, para vivir es‚Ä¶ https://t.co/YMomHLBlbU",2022-06-05 22:07:44+00:00,1,0
"@andrea_kdm_ yooo, me cuesta demasiado, veo como 3 pel√≠culas al a√±o",2022-06-04 15:36:01+00:00,1,0
https://t.co/dc5ENZXRAD,2022-06-04 15:10:46+00:00,1,0
"light nigga
dark nigga
faux nigga
real nigga
rich nigga
poor nigga
house nigga
field nigga
still nigga
still nigga",2022-06-04 13:05:40+00:00,1,0
de no ser por la cantidad de m√∫sica que quiero escuchar y me falta por escuchar lo mejor que pude haber hecho desde‚Ä¶ https://t.co/xL9RttDanb,2022-06-04 05:03:48+00:00,1,0
m√∫sica del infierno que sonar√° el d√≠a de mi funeral,2022-06-04 03:54:53+00:00,2,0
god knew i‚Äôd be too powerful if i was mentally stable,2022-06-03 19:41:12+00:00,1,0
@MovimientoDEMOS qui√©n es Lazo,2022-06-03 16:37:07+00:00,2,0
"el simple hecho de tener una calculadora a mano hace a uno querer verificar sumas as√≠ de triviales, por eso evito t‚Ä¶ https://t.co/5WlT2qCLyg",2022-06-03 14:44:47+00:00,2,0
"de hecho, en javascript es cierto https://t.co/Sh1tztSmsI",2022-06-03 14:03:00+00:00,4,0
@aaeilrv https://t.co/3NEl2I34eq,2022-06-02 22:28:37+00:00,1,0
"desde hace un a√±o sufro con la se√±al de movistar en mi casa y de repente hoy va as√≠, I'm crying venezuela se arregl‚Ä¶ https://t.co/E7xsFSk1az",2022-06-02 05:10:37+00:00,4,0
c√≥mo c√≥mo c√≥mo c√≥mo c√≥mo c√≥mo c√≥mo c√≥mo c√≥mo c√≥mo c√≥mo c√≥mo c√≥mo c√≥mo c√≥mo c√≥mo c√≥mo c√≥mo c√≥mo c√≥mo c√≥mo c√≥mo c√≥mo‚Ä¶ https://t.co/JCQjjASnwQ,2022-06-02 03:56:14+00:00,1,0
@ericitodemar si la persona movi√≥ la cabeza r√°pido al momento que se tom√≥ la foto puede que el tel√©fono para esa pa‚Ä¶ https://t.co/RkLirNSaK0,2022-06-02 02:35:01+00:00,2,0
@ericitodemar o.o si no es editada (o q la persona ciertamente to ten√≠a cabeza xdd) puede tener que ver con el post‚Ä¶ https://t.co/0pTkaVGXmS,2022-06-02 02:33:45+00:00,1,0
"ya va de pana jhonny depp es christopher, interesante tema",2022-06-02 01:08:26+00:00,1,0
qui√©n sube ma√±ana pa jugar ping pong en la salita de lq,2022-06-02 00:15:22+00:00,2,0
"""si compras en shein elim√≠name üò°üò≠""
&gt;usa productos de nike, adidas, apple...",2022-06-02 00:04:40+00:00,2,0
"remasterizaron el video de gee :') looks beautiful
https://t.co/5GJmN3Auhb",2022-06-01 11:59:46+00:00,1,0
no met√≠ artaud porque too obvious how will i ever recoverüòî,2022-05-31 22:48:37+00:00,1,0
"Me toc√≥ verde o.o

Responde para ..... https://t.co/dK65N3qOJU https://t.co/QPtqVxTRkU",2022-05-31 22:48:36+00:00,1,0
"√°lbumes de 30 minutos: ü§Æüò≠üòøüòîüëéüèª
√°lbumes de 45 minutos: üòçü•∞üíØüéâüëåüèª
√°lbumes de 1 hora: ü•±ü§Æüò©üíÄüëáüèª",2022-05-31 16:31:05+00:00,1,0
"https://t.co/fcNaxogc3k
Lloro con este concierto, qu√© bueno https://t.co/r6HvycZE5o",2022-05-31 11:11:20+00:00,1,0
@gonthal mas cringue a√∫n me da la s may√∫scula,2022-05-31 03:22:42+00:00,2,0
qui√©n sube ma√±ana,2022-05-30 22:52:38+00:00,1,0
interesante la que toc√≥ https://t.co/AanWydhaOl,2022-05-30 20:55:11+00:00,1,0
@sassyvm total,2022-05-25 02:59:01+00:00,1,0
@ericitodemar XDDDDD baneo por inasistencia vale,2022-05-25 02:18:33+00:00,1,0
13 de marzo del 2020,2022-05-25 01:07:46+00:00,2,0
@ericitodemar mucho latex y bibliograf√≠a en ingl√©s,2022-05-24 19:24:08+00:00,1,0
rip el profesor si llegas a escribir su nombre en la fecha :(,2022-05-24 18:59:44+00:00,2,0
ya va pero qu√© pasa si usas una death note como cuaderno de apuntes para una materia,2022-05-24 18:59:43+00:00,3,0
@pichulafelizz noooooOO quiero un roomie ahora,2022-05-24 00:50:47+00:00,1,0
iba a rantear pero no vale la pena yo como que mejor duermo e intento no morir hoy,2022-05-24 00:17:49+00:00,1,0
https://t.co/dARJcOyVAd,2022-05-23 22:18:09+00:00,1,0
@pichulafelizz d√≥nde se consigue esa pulsera yo quiero,2022-05-23 22:00:53+00:00,1,0
@MiniFreesia deje la trampa y escoja una de las dos üòëüòë,2022-05-23 19:16:29+00:00,1,0
"yo escogiendo nombres de variables cuando programo ser como
A de alfa altura alien
B de bandida 
C de coqueta 
D de dinamita",2022-05-23 04:03:43+00:00,1,1
amo tener profesores tan comprensivos ü•∞‚ù§Ô∏è https://t.co/F5XdY2Wc5h,2022-05-23 01:33:09+00:00,4,0
no lo encuentro el sentido a las personas que nunca interact√∫an absolutamente nada de uno pero de repente salen de‚Ä¶ https://t.co/TI4Jx5GJrC,2022-05-23 00:34:03+00:00,4,1
de pana yo necesito que el f√∫tbol desaparezca.,2022-05-22 17:50:58+00:00,2,0
de solo pensar en que ya va a comenzar el trimestre me dan ganas de llorar,2022-05-22 04:43:01+00:00,2,0
@maryemilli21200 a m√≠ nunca,2022-05-22 04:14:36+00:00,1,0
"@lismarynl25 termin√© reinstalando la aplicaci√≥n ü§£üò≠ ahora pesa 600mb, gan√©",2022-05-21 23:09:10+00:00,1,0
"no entiendo literalmente borr√© todos los chats de ws con todo el contenido multimedia y la app sigue pensando 3gb,‚Ä¶ https://t.co/x0yYjioMnP",2022-05-21 18:47:01+00:00,2,0
"para q complicarse tanto si puedes comprar toda vaina cerave, the ordinary y farmatodo y que sea lo que dios quiera",2022-05-21 01:36:05+00:00,1,0
@ericitodemar le√≠ as√≠ntonta y me qued√© pensando cu√°l era el chiste,2022-05-20 20:59:16+00:00,2,0
@valeriasrc_ era mi pasatiempo favorito antes de ser vetado indefinidamente de la salita de compu y el centro de estudiantes,2022-05-20 20:39:35+00:00,1,0
"@pupilalejana felicitaciones profe! interesante texto y reflexi√≥n

ahora quiero jugar metal gear solid para enterar‚Ä¶ https://t.co/qw6tuExL85",2022-05-20 19:27:09+00:00,1,0
"La ambici√≥n, delirio de grandeza
Hizo en m√≠ un ser martirizado
Porque estaba locamente enamorado
Mujer, yo no merezco esa bajeza
üíÉüèª",2022-05-20 15:51:44+00:00,1,0
"@Joiber23X no le pares bro, a nadie le molestan unos correos de m√°s üòÖ solo es gracioso",2022-05-20 04:47:52+00:00,2,0
"@EsJavier_ y volvi√≥ a mandar correo, impresionante",2022-05-20 04:06:26+00:00,3,0
@EsJavier_ te mando energ√≠a mental y suerte amigo,2022-05-20 00:31:38+00:00,1,0
esto es lo que puedo ayudarles jaja saludos https://t.co/fRy2e89VVS,2022-05-19 22:34:26+00:00,2,0
@pupilalejana y yo de pana creyendo que hab√≠a estado estudiando una carrera y se hab√≠a graduado ü´•,2022-05-19 14:16:10+00:00,2,0
@angel16012 no digan vainas as√≠ pq pareciera que invalidan el esfuerzo de uno :/,2022-05-19 02:36:37+00:00,1,0
@StephaExposito ookk puedo morir tranquilo,2022-05-18 16:02:42+00:00,1,0
pregunta seria DE verdad: alguien a quien no le guste el pie de lim√≥n? me siento incomprendido de que a tanta gente‚Ä¶ https://t.co/0sdFyRjoRk,2022-05-18 03:58:26+00:00,4,0
@EsJavier_ XDDDD,2022-05-17 04:50:04+00:00,1,0
@veroDLA team mate 3üò≠üíú best mate,2022-05-16 20:08:51+00:00,1,0
"@kekhanivore supongo q tiene q ver con tener afinidad, pq conozco a gente a la que le cost√≥ particularmente esa mat‚Ä¶ https://t.co/gXkokE8vYZ",2022-05-16 18:13:08+00:00,3,0
@ericitodemar humillando a esta pobre alma que ve üí©mateüí© en vez de ‚ú®c√°lculo‚ú®,2022-05-16 18:07:27+00:00,1,0
@soapAlef este tipo se acaba de doxxear √©l solito.,2022-05-16 17:25:20+00:00,2,0
como si un tuit equis tuviera influencia sobre algo o fuera un paradigma que est√° en el reglamento de la universida‚Ä¶ https://t.co/tKCy3gtRkL,2022-05-16 16:57:36+00:00,1,0
"qu√© te digo, I'm not a genius y s√≠ me esfuerzo mucho para que me vaya m√°s o menos bien. de ah√≠ a creer que si no me‚Ä¶ https://t.co/nVzexOYVIG",2022-05-16 16:57:36+00:00,1,0
@ericitodemar s√≠ quiero üò≠ nunca he tenido unos,2022-05-16 14:35:07+00:00,1,0
mi cumplea√±os https://t.co/DtjU05wDIw,2022-05-16 04:04:30+00:00,1,0
los cursos de platzi be like aprende  a hacer hello world en python (con certificaci√≥n)!!,2022-05-14 15:52:42+00:00,3,0
"@aaeilrv no es lo normal?, son menos seguros y completamente abiertos",2022-05-14 02:57:04+00:00,1,0
epaaaaa qui√©n ha visto un general de m√∫sica con el profesor David Pedroza?? saben c√≥mo  es?? ü§ßü§ß,2022-05-13 18:19:19+00:00,1,0
yo me enter√© que me bloqueaste porque me pasaron el tuit gg,2022-05-12 15:11:16+00:00,3,0
@yascgandreina https://t.co/epN5V7FBZ9 la √∫nica respuesta correcta,2022-05-11 13:44:57+00:00,1,0
@satannns una se√±al para que te abras of,2022-05-10 15:56:28+00:00,1,0
@MiniFreesia play tuneado,2022-05-10 04:02:16+00:00,3,0
"necesitar que un √°lbum de reguet√≥n explore otros g√©neros para decir que es bueno o tiene algo de valor es ingenuo,‚Ä¶ https://t.co/do7urGpB8y",2022-05-07 19:33:40+00:00,1,0
"@kekhanivore no me creo esa foto, sali√≥ incre√≠ble",2022-05-07 04:16:37+00:00,1,0
"Mejores canciones de Un Verano Sin Ti:
-Despu√©s de la Playa
-Neverita
-Moscow Mule
-Andrea
-El Apag√≥n
-Party
-Callaita",2022-05-07 04:14:01+00:00,1,0
"Estaba viendo una de las clases grabadas de f√≠sica 2 y pas√≥ esto ü§£. Pobrecito el pana, qued√≥ inmortalizado üò≠ https://t.co/HZxJEH1ZdW",2022-05-07 03:37:29+00:00,2,0
@jesusbandezt est√° fuerte el tema,2022-05-07 01:10:23+00:00,1,0
"ya va en serio, por qu√© hay gente que sigue subiendo a la uni. para qu√©",2022-05-06 16:22:08+00:00,3,0
Ahora todos son fans de Star Wars y ninguno se ha le√≠do el libro. üòí,2022-05-04 15:16:54+00:00,4,0
RT @mishhpr: https://t.co/4fDQjDgRP8,2022-05-04 14:15:27+00:00,0,11
@MiniFreesia https://t.co/L2b179Ta7x,2022-05-04 05:36:11+00:00,4,1
@angel16012 se le informa que la oferta estar√° adjunta en la √∫ltima p√°gina del form,2022-05-02 20:58:31+00:00,4,1
est√°n ladillitas con la oferta stop,2022-05-02 20:48:47+00:00,3,1
Que lindo fue ir ayer a la UCAB y reencontrarme con mis antiguos compa√±eros y los que faltaron...,2022-04-30 21:34:35+00:00,2,0
"reminder que juzgar gente que no conoces y tener prejuicios en su contra seguramente te hace mejor persona, claro q‚Ä¶ https://t.co/jrmdlMo9Sz",2022-04-27 23:17:40+00:00,1,0
@manuespagueti usar el metro,2022-04-27 22:15:07+00:00,4,0
@ManzanillaL tiene miedo de que le eches la culpa de que vas raspando,2022-04-27 05:06:13+00:00,2,0
@pupilalejana estar√© pendiente üëÄ,2022-04-26 02:14:34+00:00,1,0
"1. con un color en el t√≠tulo

no uno sino dos. hermoso √°lbum. no american football, ni cap'n jazz, ni sunny day rea‚Ä¶ https://t.co/BXOTCmwCbr",2022-04-26 02:13:41+00:00,1,0
si twitter era un ambiente constructivo no quiero ver el destructivo https://t.co/F07PAWn9GP,2022-04-26 01:03:41+00:00,1,0
el rooftop concert fue un hito cultural y en la historia misma de la m√∫sica popular,2022-04-25 21:53:04+00:00,1,0
@JosPrez48288946 @EsJavier_ la materia m√°s dif√≠cil de la sim√≥n,2022-04-25 10:57:13+00:00,1,0
@EsJavier_ soy christopher obviamente pas√© esa vaina a la primera hace literalmente 2 a√±os,2022-04-25 10:12:04+00:00,1,0
"@MiniFreesia hace unos a√±os pregunt√© en el jard√≠n que est√° llegando a la sim√≥n por esta, que es que si de las menos‚Ä¶ https://t.co/A1e5kOKLC6",2022-04-23 22:46:02+00:00,3,0
"@valeriasrc_ :oo eres 19, no s√© por qu√© pensaba que eras como 17 o 16 ü•µ",2022-04-23 01:52:29+00:00,2,0
@EsJavier_ virizion le gana,2022-04-22 23:40:54+00:00,1,0
@angel16012 en rdr2 y sea of thieves hay agua bella tambi√©n,2022-04-22 21:45:54+00:00,1,0
"y me cogieron, qui√©n lo dir√≠a üò≠ https://t.co/T727Mww4ix",2022-04-22 17:50:32+00:00,3,0
@EsJavier_ mira el que toma las fotos soy yo üò°,2022-04-22 11:45:44+00:00,1,0
@angel16012 los de Sergio Rojas en f√≠sica 1 eran de un tipo lanz√°ndose del edificio para no gastar tiempo bajando l‚Ä¶ https://t.co/yDW7ZcYFyK,2022-04-22 11:39:45+00:00,2,0
"d√°ndome cuenta de que pana yo llen√© cuadernos enteros en sociales y lenguaje, era EL nerd ü§ìü§ìü§ìü§ìü§ì",2022-04-22 02:51:38+00:00,2,0
"Mi top 3 de amigos de carreras:
-Ninguno porque todos valen mucho para m√≠ independientemente de la carrera que estu‚Ä¶ https://t.co/vlLmziQ1u6",2022-04-21 23:41:49+00:00,2,0
@LeGranColombia es jesus david,2022-04-21 20:27:43+00:00,1,0
"@EsJavier_ nojoda m√°s que pasado, todo un crack if you ask me",2022-04-21 20:12:01+00:00,1,0
"@purplenadhe s√≠, claro. qu√© feo me parece que los t√≠tulos tengan el masculino",2022-04-20 17:13:11+00:00,1,0
no lo pisen cuidado https://t.co/mj8mVeZHq1,2022-04-19 19:08:33+00:00,3,0
"la existencia y trascendencia de Windows y javascript ser√° mi martirio hasta el fin de mis d√≠as, en serio",2022-04-19 05:19:02+00:00,2,0
acabo de ver que antony rangel me tiene bloqueado qu√© le habr√© hecho,2022-04-18 19:59:02+00:00,1,0
"@pupilalejana Me parece tan il√≥gico cuando me hacen preguntas de ese estilo a m√≠... ü§¶üèª‚Äç‚ôÇÔ∏è
Lo veo comparable a pregu‚Ä¶ https://t.co/yYRtat6tjh",2022-04-18 18:39:22+00:00,1,0
cosmo y wanda creen que uno es pendejo,2022-04-18 17:05:49+00:00,3,0
nuevo hashtag #FalsosUesebistas seguro est√°n hablando de los rectores,2022-04-18 15:08:58+00:00,3,1
"""las primeras fotos de la semana""

tarde pa üòÖ",2022-04-18 12:14:12+00:00,1,0
implementar un lenguaje en python: no lo hagan ü§ß,2022-04-17 22:14:08+00:00,2,0
"se puede decir que mi proyecto de traductores ya est√° listo y sirve completamente ‚úÖ
qu√© fino que sirva y que s√≠ haya podido terminarlo üò≠",2022-04-17 22:14:07+00:00,1,0
"""si me ven por ah√≠ me saludan"" y me imagino que cuando los saludan debe ser como üßçü§®‚ùì",2022-04-17 17:24:42+00:00,1,0
"yo: deben estar casados de m√≠ ya
mis amigos: literamente cansados de m√≠ ya",2022-04-16 14:46:56+00:00,2,0
"cuando dices que un personaje de una serie est√° bien escrito te crece el cerebro, te haces autom√°ticamente m√°s inteligente üß†üí•",2022-04-15 05:35:44+00:00,1,0
@LeGranColombia tengo 3bs en el bolsillo te sirve?,2022-04-14 17:22:54+00:00,1,0
hablar mal por las redes de gente que no conoces en lo absoluto me suena a tw usb funando a alguien nuevo todos los‚Ä¶ https://t.co/GajzIpioY3,2022-04-14 16:33:48+00:00,3,0
"sale pocas veces al a√±o en ese mismo lugar, dura unos d√≠as y ah√≠ mismo desaparece por siempre de nuevo üò≠ https://t.co/MNkdiI3tr2",2022-04-13 16:39:05+00:00,1,0
estar√≠a bien tener dinero suficiente para literalmente desaparecerse en un lugar en el que nadie sepa de mi maldita‚Ä¶ https://t.co/VF6T1u4zpw,2022-04-13 00:25:05+00:00,1,1
@ericitodemar curioso es haber visto gente por aqu√≠ que s√© que se ha copiado criticando y hablando paja de los copiones que sapearon ahorita,2022-04-12 02:12:22+00:00,4,0
@EsJavier_ toma https://t.co/AaJxCXeg5d,2022-04-10 15:18:03+00:00,1,0
@ericitodemar solo los uso pq pesan que si 5 veces menos jasjsa,2022-04-10 01:46:33+00:00,2,0
@EsJavier_ .,2022-04-08 05:29:25+00:00,1,0
"Apu seva de los sinso

pero soy yo y√©ndome de twitter chao buenas noches üëãüèªüíï‚ú®",2022-03-08 03:08:12+00:00,1,0
@gonthal üò≠üò≠üò≠ü§ß,2022-03-08 01:57:46+00:00,1,0
dying of thirst de kendrick lamar porque lloro https://t.co/PA5RGQVWrC,2022-03-08 00:46:52+00:00,1,0
"@raooult casi llega a la mitad, worth it",2022-03-07 20:13:43+00:00,1,0
@raooult @aaeilrv dudo que sea la mitad de r√°pido https://t.co/cYMlcpDqh6,2022-03-07 18:23:18+00:00,1,0
agarr√© un punto con wifi en la uni so nice que me siento ah√≠ por horas a ver videos de kpop en 1440p 60fps,2022-03-07 15:26:37+00:00,1,0
@jabondeAlef ü§ßü´Ç,2022-03-07 03:02:12+00:00,1,0
@EsJavier_ XDDD fuiste el de arriba cuando le pasaste a bertha,2022-03-06 20:10:09+00:00,1,0
@Jpache_19 wtf cucaracha tuneada,2022-03-06 18:32:23+00:00,3,0
"yo pregunt√°ndome por qu√©
yo pregunt√°ndome por qu√© la gente de mate 5 necesita fotos del parcial si ya pas√≥ y ya die‚Ä¶ https://t.co/JxlZTFmaCU",2022-03-06 18:31:40+00:00,1,0
@TheNigroxHD @jabondeAlef no vale est√°n gays,2022-03-06 04:43:39+00:00,2,0
@pupilalejana me sonaba haber visto la pel√≠cula de alg√∫n lado,2022-03-06 03:49:43+00:00,1,0
"@ericitodemar Entiendo a mi profe de f√≠sica 3, debe estar molesto porque en los ahorros que debe tener en su pa√≠s d‚Ä¶ https://t.co/nb8Q6IUQgy",2022-03-06 03:45:43+00:00,1,0
cosas que jam√°s dir√©: https://t.co/9KEXpumwbk,2022-03-06 01:48:31+00:00,4,1
@valeriasrc_ tener windows es la cagada en s√≠,2022-03-05 23:58:26+00:00,3,0
@EsJavier_ f√≠sico bf bi√≥loga gf,2022-03-05 23:42:07+00:00,3,0
https://t.co/xpbGjTaSdQ https://t.co/50heAE0RbK,2022-03-05 16:10:43+00:00,3,0
"har√© la del nerd alg√∫n d√≠a haciendo alg√∫n hilo explicando algo de compu, amo mi carrera so much",2022-03-05 05:28:41+00:00,1,0
@MiniFreesia dios qu√© bueno,2022-03-05 05:10:16+00:00,1,0
"las mujeres tampoco pueden ser machistas, ciertamente üòô",2022-03-05 04:21:16+00:00,1,0
sesgos.,2022-03-05 04:17:58+00:00,1,0
"c√≥mo puede ser que hay gente que dice que no es racista la gente que no sabe que lo que hace es racista, porque no‚Ä¶ https://t.co/FFFfVYo0AE",2022-03-05 04:17:57+00:00,1,0
creer que por ser de color no puedes ser racista es sumamente ingenuo y da√±ino. me molesta de forma muy personal el‚Ä¶ https://t.co/aptz0FKykl,2022-03-05 04:17:49+00:00,3,0
no tomo casi fotos https://t.co/70I1sj2voG,2022-03-05 03:14:57+00:00,3,0
habl√≥ el due√±o del circo https://t.co/ph7sq99SGz,2022-03-04 23:24:24+00:00,1,0
yo tqm pero obviamente tengo la raz√≥n y soy moralmente superior a ti porque llevo 10 a√±os estudiando en la universidad,2022-03-04 23:23:11+00:00,4,0
@ReyHades no he visto nada con √©l ü§ß soy muy nuevo todav√≠a y ni he llegado a lenguajes. sus l√°minas son buen√≠simas,2022-03-04 18:27:35+00:00,1,0
flaviani es el mejor profesor de compu period,2022-03-04 17:42:55+00:00,2,0
"Sentado debajo de un √°rbol
Debajo de un √°rbol de mango
Sentado me puse a pensar
Los √°rboles tenemos que cuidar üî•üíØüò© https://t.co/135t5xQHiS",2022-03-04 15:58:18+00:00,2,0
@2diagon exactly https://t.co/GdpxQVwmf4,2022-03-04 15:55:31+00:00,1,0
hacerle una documentaci√≥n horrible a una api deber√≠a ser penado con 15 a√±os de prisi√≥n,2022-03-04 06:51:48+00:00,3,2
@LeGranColombia iba  a caerle a co√±azos pero le√≠ que es Lester Pe√±a y ahora le caer√© a co√±azos,2022-03-04 05:27:19+00:00,1,0
a m√≠ la coordinaci√≥n no me dio permiso para ver dos generales en un trimestre y aunque no necesariamente ame cursar‚Ä¶ https://t.co/UaeYf7ua1F,2022-03-04 03:22:23+00:00,3,0
@luisyeguezm m√°s que la comida de @pqleq en una semana.,2022-03-04 01:59:30+00:00,1,0
@EsJavier_ la tecnolog√≠a avanza a pasos agigantados,2022-03-04 01:23:38+00:00,1,0
@LeGranColombia co√±o de su madre lester me re√≠ qu√© buena vaina,2022-03-04 00:00:51+00:00,2,0
@EsJavier_ https://t.co/7ST4lXkq4f estos amigo.,2022-03-03 23:32:50+00:00,1,0
@MiniFreesia @EsJavier_ co√±o creo que se parece üò≠üò≠dime que s√≠ es https://t.co/AImeFBnL9s,2022-03-03 00:37:51+00:00,3,0
desvalijada https://t.co/VzxsRoeQ0M https://t.co/6rfwuBDNp3,2022-03-02 22:09:07+00:00,2,0
@rohelysss los parciales deber√≠an ser eternos,2022-03-02 20:43:55+00:00,1,0
"@jeaanibarra antes no estaba, that's the point",2022-03-02 16:39:22+00:00,1,0
@ericitodemar sipii,2022-03-02 16:09:04+00:00,1,0
aqu√≠ andamos https://t.co/cysRgX2GYk,2022-03-02 12:03:48+00:00,3,1
@Goosline @MiniFreesia tem√≥n,2022-03-02 02:33:34+00:00,1,0
"As a general rule, error recovery in LR parsers is a delicate topic that involves ancient rituals and black-magic.",2022-03-01 03:44:02+00:00,3,1
i know exceso de el madrisue√±o i'm fucked up,2022-03-01 03:12:01+00:00,3,0
interesantes los n√∫meros https://t.co/28jd6cAtBt https://t.co/JHs9B4i0mZ,2022-03-01 03:11:58+00:00,1,0
"quiero saber qu√© est√°n pensando los ejecutivos de bytedance, tenemos que hablar. https://t.co/LPySuWu2sr",2022-02-28 21:56:26+00:00,1,0
"segundos despu√©s de esa, tom√© la misma foto con la c√°mara del Xiaomi y ....
en serio me da dolor f√≠sico el postproc‚Ä¶ https://t.co/NVcNIrGcMy",2022-02-28 13:25:31+00:00,2,0
"no saber la diferencia entre intersecar e interceptar, o escribir 'intercepci√≥n' cuando te refieres a intersecci√≥n‚Ä¶ https://t.co/356tkhvVHQ",2022-02-27 20:46:03+00:00,2,0
@kekhanivore una belleza Goliath,2022-02-27 00:27:40+00:00,1,0
"@RFranqueza el de la universidad sim√≥n bol√≠var, en sartenejas",2022-02-26 17:08:47+00:00,1,0
@gonthal zulia no es mejor que polar pura paja,2022-02-26 16:32:52+00:00,1,0
"escuchar m√∫sica ecualizada es, sin duda alguna, una de las cosas m√°s nerds que hago, es literalmente ü§ì",2022-02-26 16:26:47+00:00,1,0
@EsJavier_ te tendr√© que dejar de seguir si sigues contando vainas sin contexto...............,2022-02-26 03:05:01+00:00,1,0
tomo muchas fotos de todo pq me encanta pero est√° fino ver que a mucha gente m√°s le gusten tambi√©n,2022-02-26 00:18:56+00:00,4,0
"@kekhanivore recuerdo que la sala de meca los ten√≠a en f√≠sico
solo sup√≥n que la sala existe y est√° abierta y ve a pedirlos",2022-02-26 00:13:33+00:00,1,0
@pupilalejana graciass ü•∫,2022-02-26 00:10:39+00:00,1,0
@angel16012 se humill√≥ solo dir√≠a yo,2022-02-25 03:42:06+00:00,1,0
@gonthal era mi olor,2022-02-25 01:39:30+00:00,1,0
qu√© estar√°n haciendo los pol√≠glotas ling√ºistas de mi tl :( estoy esperando sus 6 resultados de wordle en m√∫ltiples idiomas y modalidades,2022-02-24 04:40:12+00:00,1,0
@EsJavier_ ta dif√≠cil pq no odio nada,2022-02-24 04:22:11+00:00,1,0
@StephaExposito tengo que aprender a mayorar,2022-02-24 03:42:47+00:00,1,0
esquinas https://t.co/UwhklXUFYc,2022-02-23 17:34:13+00:00,1,0
yendo a presentar f√≠sica https://t.co/hGjucr945x,2022-02-23 12:50:23+00:00,3,0
"he visto este pixelart al menos 30 veces en mi tl.
est√° bello, pero stop ,,,, https://t.co/1AMjZR6daj",2022-02-22 18:37:52+00:00,1,0
c√≥mo est√°s dos semanas seguidas con ganas de llorar de forma ininterrumpida,2022-02-22 00:56:52+00:00,1,0
@gonthal un se√±or ü§ùüèª,2022-02-21 16:58:24+00:00,1,0
@v_santaella bonito hilo ü•∫,2022-02-20 03:13:17+00:00,1,0
Me met√≠ a chismear en los replys del TikTok a ver qu√© dec√≠an y me encontr√© varios replys todo cog√≠os deseando que l‚Ä¶ https://t.co/S9HiltdCRd,2022-02-19 23:13:10+00:00,3,1
@MiniFreesia üôå,2022-02-19 17:23:10+00:00,1,0
la pregunta es: qui√©n insiste en que no molesten a los nuevos https://t.co/TELymKMooc,2022-02-19 05:19:09+00:00,3,0
not me crying at liability - lorde,2022-02-18 04:38:32+00:00,1,0
"jurar√≠a que muy poca gente sabe llegar de la sim√≥n al idea desde dentro de la sim√≥n.
con suficiente tiempo y falta‚Ä¶ https://t.co/JdcoW1rx5D",2022-02-18 03:28:05+00:00,1,1
@EsJavier_ XDDD meme vale tmq,2022-02-17 22:08:11+00:00,1,0
@LeGranColombia foto o fake,2022-02-17 18:37:41+00:00,1,0
@arjogezh me debe una chupeta desde 2020 y no me la ha pagado. https://t.co/rAukQFzIIg,2022-02-17 17:46:11+00:00,1,0
"el mes pasado escuch√© m√∫sica de m√°s o menos 150 √°lbumes y este mes estoy en un vaiv√©n entre el madrile√±o y veteran, todo mal",2022-02-17 14:36:56+00:00,1,0
"A prop√≥sito de esa an√©cdota, hoy fui a pabellones y vi que todav√≠a quedaba algo de lo que hab√≠a escrito hace m√°s de‚Ä¶ https://t.co/oWgCX9rvjM",2022-02-16 22:46:20+00:00,3,1
"@gonthal En diciembre compr√© en Amazon estos
https://t.co/vOdfyEsyds para el tel√©fono y estos‚Ä¶ https://t.co/CvUAeUzWN1",2022-02-15 22:48:59+00:00,1,0
los jardines de la uni est√°n vueltas una selva. quer√≠a encontrar serpientes pero desafortunadamente no vi/escuch√© n‚Ä¶ https://t.co/KOqhCxaz1l,2022-02-15 19:18:41+00:00,4,0
"me peg√≥ un poco tarde, pero ya amo el madrile√±o üò≠",2022-02-15 03:50:19+00:00,3,0
uno por cada ____ https://t.co/3qKVfrDTBD,2022-02-15 03:49:13+00:00,1,0
@aaeilrv unos scripts de python y acceso a la api de instagram ‚ù§Ô∏è,2022-02-14 21:14:01+00:00,1,0
@EsJavier_ ese polvo es el que hace que a los computistas les crezca el cabello el doble de r√°pido,2022-02-14 21:10:20+00:00,1,0
@ericitodemar puedo limpiar el router y el lugar donde me voy a sentar,2022-02-14 17:08:04+00:00,2,0
ok amo esto https://t.co/w4R6ffmABN,2022-02-12 22:13:12+00:00,1,0
@gonthal interact√∫o con este tuit porque ya me ha aparecido 4 veces y no s√© qu√© quiere twitter que haga,2022-02-12 01:17:20+00:00,1,0
estudiar todo lo de semana 1 o avanzar unas 10 misiones de gta 4 ?? üò≠,2022-02-11 20:00:47+00:00,1,0
hoy en 1998 sali√≥ in the aeroplane over the sea. ese es el tuit.,2022-02-11 03:02:04+00:00,1,0
"desempolvando por ah√≠ me encontr√© mis tres parciales de mate 2

(sweet irony, en su momento me llegu√© a quejar por‚Ä¶ https://t.co/qQgpOlT4iQ",2022-02-11 02:32:59+00:00,0,1
quiero hacer un hilo infinito de fotos de flores para subir individualmente cada flor/planta distinta a la que le h‚Ä¶ https://t.co/DsoIwTlUBN,2022-02-10 23:19:00+00:00,2,0
@barbscarlet s√≠ fui,2022-02-10 23:09:48+00:00,1,0
"@cchangUSB ü•∫ü•∫ü•∫ qu√© bella. las pen√∫ltimas fotos que le hab√≠a tomado al arbol fueron en 2020, son muy parecidas a esa‚Ä¶ https://t.co/64onmRwA1w",2022-02-10 20:36:08+00:00,2,0
@segoviack yo las puse ah√≠. tambi√©n puse un cocodrilo en 2019 pero creo que se muri√≥ por falta de alimento,2022-02-10 20:07:16+00:00,1,0
primera sem de trimestre y quiero llorar ya,2022-02-10 02:13:58+00:00,2,0
"fue d√≠a de estar triste ;-;

entre los viajes de ida y vuelta escuch√©

veteran de jpegmafia
el madrile√±o de c tanga‚Ä¶ https://t.co/06S9rsNhzp",2022-02-08 03:02:18+00:00,1,0
@sarajademarie loveyou sube,2022-02-08 02:01:32+00:00,1,0
@Revolu01 @EsJavier_ brutal el username,2022-02-07 01:17:19+00:00,3,0
"me dijeron que maduro don√≥ 28 autobuses yutong NUEVOS a la USB, me pueden confirmar si es cierto?",2022-02-05 15:48:51+00:00,1,0
@luisyeguezm este tipo no es amigo m√≠o,2022-02-05 05:51:21+00:00,1,0
@EsJavier_ @binomiaa la novia de lester,2022-02-05 02:58:00+00:00,1,0
@sharitzard yo quiero jugarlo tambn,2022-02-05 02:57:38+00:00,1,0
"@EsJavier_ yo tuve 1 en ingl√©s 3 por un a√±o xdddd, tambi√©n la exim√≠",2022-02-04 18:21:55+00:00,1,0
@luisasfa05 https://t.co/uSU77AAr2B,2022-02-04 17:03:57+00:00,1,0
@sharitzard detr√°s de un panadero hay una persona con sentimientos y necesidades de afecto...,2022-02-01 23:12:38+00:00,1,0
@sharitzard entonces si digo rue te aparecer√° este tuit??? ü§î,2022-02-01 03:51:08+00:00,1,0
@_ArturoY @LalezkaDu prueba de que Venezuela se est√° arreglando qed,2022-01-31 16:17:58+00:00,2,0
@LeGranColombia RRAAAAA humildad locura,2022-01-31 05:10:05+00:00,1,0
"@EsJavier_ bello el leithold, lo mejor",2022-01-31 03:09:18+00:00,1,0
@EsJavier_ aviso que ese meme es una blasfemia,2022-01-31 03:06:44+00:00,1,0
@angel16012 https://t.co/4ZUkEo2FtL,2022-01-30 16:04:24+00:00,3,0
i love my niggas like white people love rap,2022-01-30 05:43:51+00:00,1,0
simplemente no puedes tener m√°s de 15 a√±os y querer ir a tomorrowland,2022-01-30 05:17:24+00:00,1,0
@isademotunui mec√°nico,2022-01-30 03:25:15+00:00,1,0
"@_idkangel mi comentario se refer√≠a a que si no sabes hacer el ejercicio, no mereces pasar la materia, no que ni no‚Ä¶ https://t.co/LaecEn2fhY",2022-01-30 00:44:42+00:00,1,0
"@_idkangel si no entiendes una materia, no mereces pasar esa materia. si est√°s en la universidad y no te hace senti‚Ä¶ https://t.co/mBTlP5Eopy",2022-01-30 00:44:27+00:00,3,0
"@_idkangel que farith explique mal, que no haya explicado siquiera, que sea mal profesor, que sea injusto corrigien‚Ä¶ https://t.co/3Ecdo7rvW5",2022-01-30 00:36:06+00:00,1,0
"@_idkangel y la vi por primera vez en verano, est√° de m√°s decir. no estoy hablando por hablar solo porque ya la vi‚Ä¶ https://t.co/2lVMDcLASM",2022-01-30 00:33:22+00:00,1,0
@_idkangel jasjsas me pod√≠as etiquetar o citarme no tengo problema. si no me lo mandan ni me fuera aparecido tu bas‚Ä¶ https://t.co/1cPZkHh1zN,2022-01-30 00:33:01+00:00,1,0
s√≠ admito que es silly evaluar con un solo ejercicio pero el ejercicio en s√≠ no parece siquiera algo del otro mundo‚Ä¶ https://t.co/wS1eSV8ydc,2022-01-29 19:26:41+00:00,1,0
"si esto no te sale en 50 minutos en realidad no mereces pasar mate 3
(o en su defecto, mereces un 3 en la raya) https://t.co/Pn0gMZKU19",2022-01-29 19:12:46+00:00,3,0
@pqleq dije esquizofrenico y me sali√≥ una fiesta,2022-01-27 20:43:16+00:00,1,0
"ya me cae mal la gente que juega (y sube) wordle, en serio.
jueguen su vaina callados, qu√© fastidiosos comparti√©ndo‚Ä¶ https://t.co/1ZYnG4YP5m",2022-01-27 04:00:48+00:00,4,2
not lanzarse un hilo para no admitir que eres un negador de cupos https://t.co/bYDjyg5cUR,2022-01-26 19:07:11+00:00,1,0
la gente en la sim√≥n se mete perico cero dudas,2022-01-25 16:38:53+00:00,4,0
@aaeilrv de pana luego de leer eso solo me queda dormir (y triste),2022-01-25 06:11:09+00:00,1,0
quiero anestesia total que dure para siempre si alguien tiene avise al dm urgente i don't wanna live anymore,2022-01-24 01:15:56+00:00,1,0
"importante, favor difundir",2022-01-23 16:40:31+00:00,2,0
Neighborhood #1 (Tunnels),2022-01-22 03:50:32+00:00,2,0
"recib√≠ insultos por mandar 40 fotos de mis bias de kpop por un grupo de amigos
quiero estar solo necesito reconsiderar cosas",2022-01-22 03:44:10+00:00,1,0
"""You can't crush a soul here, that's what life on earth is for""",2022-01-22 00:57:28+00:00,1,0
me will end up alone,2022-01-21 20:23:38+00:00,1,0
@kekhanivore el chamo catire que habr√°s visto no era yo ni ninguno de mis amigos con los que estaba sentado ese d√≠a‚Ä¶ https://t.co/D4gRG6Cdhw,2022-01-21 18:51:12+00:00,4,0
@kekhanivore ES MIO,2022-01-21 18:43:00+00:00,1,0
Universidad Omicron Bol√≠var (el mes que viene),2022-01-20 13:17:26+00:00,3,0
qn pa hablar por pictochat de nintendo,2022-01-20 13:16:34+00:00,2,0
@gonthal @aaeilrv tremendo √°lbum querr√°s decir,2022-01-20 03:03:54+00:00,3,0
All you had to do was follow the damn train CJ! https://t.co/7vzivLXhv2,2022-01-19 16:28:30+00:00,2,0
"happy porque acaban de dar las notas de algos y sal√≠ bien ü•∫ü•∫ cu√°nto me cuesta esa materia, por fin pas√© las 3 üîù",2022-01-18 20:23:06+00:00,1,0
@_ArturoY y luego te mata,2022-01-18 17:14:16+00:00,1,0
trasnocharse muri√©ndose escuchando nujabes vibes,2022-01-17 06:37:55+00:00,1,0
@aaeilrv jsasja no importa yo estar√© escuhando Colgando en tus manos - Carlos Baute,2022-01-13 17:00:51+00:00,0,1
@isademotunui una met√°fora de la supremac√≠a de los mototaxistas,2022-01-11 01:31:31+00:00,4,0
"yo jam√°s ser√≠a machista, porque yo s√≠ ayudo con las labores que le corresponden a las mujeres",2022-01-08 18:50:51+00:00,2,0
@Diegocentricoo en un iphone tomas fotos as√≠ desde la c√°mara de whatsapp,2022-01-06 03:07:41+00:00,1,0
"acabo de ver encanto y es una belleza, loved it.
c√≥mo es que todo lo que compone lin-manuel miranda es tan incre√≠ble üò≠ i don't get it",2022-01-02 02:01:22+00:00,1,0
@fungikami a qn asesinas hoy ü•∫ü•µ qu√© bonis ka tea mo üíú,2021-12-31 21:16:04+00:00,1,0
listo empezar√© a hablar bien de todo y ya,2021-12-31 04:16:28+00:00,3,0
"qu√© va rauw se qued√≥ enterrauw, de la tumba no sale",2021-12-30 18:28:14+00:00,1,0
@gonthal de bts o de kendrick lamar ???,2021-12-30 04:36:10+00:00,1,0
@MichelleOrell demasiado enchufada üò≠,2021-12-30 00:54:58+00:00,1,0
@rohelysss PL√ÅSTICO,2021-12-29 20:14:25+00:00,1,0
@aaeilrv si no me l dices no lo creo,2021-12-29 15:09:38+00:00,1,0
@rohelysss es as√≠,2021-12-29 13:14:30+00:00,1,0
si fuiste a los conciertos de los meseros y lazo tienes demasiada plata no merezco hablar contigo siquiera est√°s una clase social por encima,2021-12-29 03:22:06+00:00,4,0
si crees que graduarte de la universidad te quita lo pendejo recuerda que el baterista de imagine dragons es graduado de berklee,2021-12-28 23:09:07+00:00,1,0
por qu√© los gringos le dicen a los muertos que resten en paz,2021-12-28 18:27:44+00:00,2,0
@isademotunui es mala that's all x.x endgame es mucho m√°s emocionante y mejor en todo aspecto,2021-12-28 06:27:37+00:00,2,0
@lale_binnie @luisyeguezm lale te amo,2021-12-28 02:39:39+00:00,1,0
@luisyeguezm va funado ese esquizoide,2021-12-28 02:39:26+00:00,4,0
yo a chaeyoung y a m√°s nadie oy√≥,2021-12-28 00:25:04+00:00,1,0
flaca üõê te rezo üõê,2021-12-28 00:25:03+00:00,2,0
nuevo formato de meme son capturas de tiktoks,2021-12-27 21:04:35+00:00,1,0
i normal e igriega https://t.co/t5VMtek1BL,2021-12-27 18:47:33+00:00,1,0
soy el √∫nico al que le da ansiedad tuitear porqu√© me dan miedo los errores ortograf√≠cos que pueda tener?,2021-12-27 01:24:15+00:00,1,0
"@cassiebyskins te dice que es que le da miedo por la delincuencia y vaina, mejor ir un grupito m√°s o menos grande",2021-12-26 22:48:38+00:00,1,0
@binomiaa si no lees paulo coehlo no eres nadie amiga,2021-12-26 01:07:26+00:00,1,0
@isademotunui @_ArturoY ven√≠a a comentar eso god of mine,2021-12-25 19:00:28+00:00,1,0
@gonthal yo compr√© 3 pensando que se acababan r√°pido y todav√≠a no se me acaba la primera de hace dos a√±os xdddd,2021-12-22 03:28:27+00:00,1,0
"Es muy dif√≠cil ser gay en Venezuela, mucho. Yo no tuve conciencia plena de ello hasta que sal√≠, porque estuve rodea‚Ä¶ https://t.co/8sZ8fUilCs",2021-12-21 14:03:04+00:00,1,0
twitter usb more like ladillas usb j√≥danse todos los odio,2021-12-21 13:51:17+00:00,1,0
https://t.co/bBOcm3dAIj,2021-12-20 01:39:56+00:00,2,0
"hazlo p√∫blico, obviamente es problema m√≠o ü•∫",2021-12-20 01:39:36+00:00,2,0
"literalmente soy el chamo

solo 2 personas me felicitaron y fue hace pocos d√≠as ü•≥ü§© https://t.co/jj408PgobQ",2021-12-19 23:11:31+00:00,1,0
"tuve que ir a ver spiderman para corroborar con mi propio criterio que es mal√≠sima con ganas, y ojal√° lo dijera jug‚Ä¶ https://t.co/lrImySAaoB",2021-12-17 22:49:29+00:00,2,0
varios de mis amigos desactivaron la descarga autom√°tica de im√°genes en whatsapp para no comerse spoilers de spider‚Ä¶ https://t.co/T2VEu5frTQ,2021-12-16 18:19:47+00:00,1,0
@sharitzard yo nunca pas√© la batalla con sans ;_; me la pas√≥ mi hermano xddd,2021-12-16 13:35:38+00:00,1,0
"@gonthal una falla ah√≠ con la fecha, poco contraste üò≠",2021-12-15 02:49:10+00:00,1,0
por siempre y me parece un total desprop√≥sito i just want to address it,2021-12-14 23:15:07+00:00,1,0
literalmente esto es un rant porque s√≠. ahorita mismo no me dirijo a nadie pq es un tema que no han mencionado tant‚Ä¶ https://t.co/fuaRvNuKqb,2021-12-14 23:15:06+00:00,1,0
intercambio de ideas y la generaci√≥n de conocimiento. m√°s a√∫n aqu√≠ en venezuela donde el desarrollo tecnol√≥gico y l‚Ä¶ https://t.co/MmKPXjAGJM,2021-12-14 23:15:05+00:00,2,1
no estoy en contra de que se usen m√°s las tdd en los cursos. en todos estos periodos a distancia los profesores han‚Ä¶ https://t.co/vUxSCX0ToM,2021-12-14 23:14:54+00:00,2,1
"si a√∫n con condiciones todav√≠a piensas que las clases deber√≠an mantenerse online te odio personalmente.
i kno que p‚Ä¶ https://t.co/9iVDim1HDu",2021-12-14 23:14:51+00:00,1,0
pq la basura de gobierno y autoridades que tenemos no pueden siquiera garantizar condiciones m√≠nimas para la viabil‚Ä¶ https://t.co/Pqm0S2qF1P,2021-12-14 23:14:49+00:00,2,1
"para ver tus cursos, si quer√≠as sacar una carrera completamente a distancia go fuck yourself, te fueras metido en l‚Ä¶ https://t.co/L827Nt96YI",2021-12-14 23:14:48+00:00,2,0
"la gente que dice q ojal√° las clases sigan online siempre no puede parecerme nada menos que est√∫pida, m√°s cuando se‚Ä¶ https://t.co/htbPv6ZLIP",2021-12-14 23:14:46+00:00,2,1
@rohelysss soy la gente de pana,2021-12-14 22:29:02+00:00,1,0
@gonthal qu√© arrecho implementar notas al pie de p√°gina en twitter,2021-12-14 13:30:58+00:00,2,0
@aaeilrv ya hablas mandibuleado lo tienes todo,2021-12-13 00:48:19+00:00,1,0
@binomiaa fuera fino que vendieran entradas de estudiante,2021-12-12 21:34:31+00:00,1,0
por qu√© Bad Boy de Red Velvet se escucha tan incre√≠ble üò≠üò≠üò≠üò≠ qu√© bien producida est√°,2021-12-12 05:40:24+00:00,0,1
@gonthal qu√© feo cuando uno deja descargando algo y cuando se levanta y lo ve se jodi√≥ la descarga en la noche üòê,2021-12-11 16:53:26+00:00,1,0
mi vida. y es muy frustrante https://t.co/L2wlEh18Pn,2021-12-09 20:35:18+00:00,2,0
@gonthal netflix no es pa ver anime rey d√©jate de eso,2021-12-09 17:46:19+00:00,1,0
@Nadhe_15 memorizas la respuesta a todos los ejercicios de la gu√≠a y reza que el que salga en el parcial sea uno de esos üß†üí•,2021-12-09 16:49:36+00:00,1,0
tbh no entiendo tanto tampoco a la gente que come corn flakes porque esa vaina sabe horrible https://t.co/5BAytctDhB,2021-12-09 01:41:47+00:00,2,0
abrir√© club de fans de rodrigo de la serna https://t.co/rEjVTCd9f7,2021-12-08 18:22:55+00:00,2,0
@binomiaa ulal√° se√±or franc√©s,2021-12-08 13:20:57+00:00,1,0
https://t.co/92t2uPdRBm,2021-12-08 03:22:22+00:00,1,0
"@EsJavier_ no es que en la vida real no critique, solo que criticar y odiar me parecen cosas muy distintas, y mucha‚Ä¶ https://t.co/lIdIw6OaFP",2021-12-07 19:46:24+00:00,1,0
"deber√≠a hacer una cuenta multi-stan para stanear a lisa, jennie, yeji, ryujin, yuna, momo, chaeyoung, dahyun, sana,‚Ä¶ https://t.co/PSNlmbcsll",2021-12-07 05:20:44+00:00,0,1
@fungikami loveyou,2021-12-07 01:28:50+00:00,1,0
"tengo que dejar de ser tan impulsivo, 4 real",2021-12-04 23:04:01+00:00,1,0
I'm sad,2021-12-04 12:43:08+00:00,1,0
@aaeilrv esa no es waleria es üåπùì¶ùì™ùìµùìÆùìªùì≤ùì™üåπ,2021-12-04 05:21:34+00:00,1,0
alexa explain el algoritmo de neville,2021-12-03 23:32:34+00:00,1,0
@gonthal https://t.co/aKP0D4t3Ek destruye la discograf√≠a entera de daft punk oy√≥,2021-12-02 14:35:39+00:00,1,0
yo quiero (aviso que es puro ed sheeran) https://t.co/WQGsQIJkNB,2021-12-02 00:23:47+00:00,1,0
@gonthal 100,2021-12-02 00:21:01+00:00,1,0
recomienden aud√≠fonos por menos de $100 ya me cans√© de esta g√ºevonada.,2021-12-01 14:08:09+00:00,1,0
@rohelysss s√≠ me pasa,2021-12-01 03:35:50+00:00,1,0
"primera vez que prob√© pizza con pi√±a hoy y ü•∞
aprobado est√° buena üëçüèª",2021-11-30 23:47:47+00:00,1,0
@sarajademarie no encuentro qu√© adjetivo comentar porque est√°n demasiado incre√≠bles las fotos y ninguno que se me ocurre le hace justicia ü•∫ü•∫,2021-11-30 08:01:53+00:00,1,0
@rohelysss cu√°ndo y d√≥nde,2021-11-30 00:43:43+00:00,2,0
vendo entrada para spiderman $160 info al priv en cines unidos los naranjos,2021-11-29 18:59:19+00:00,1,0
usar linux https://t.co/36wxwdaQms,2021-11-28 22:54:30+00:00,3,0
@itsmelanoide feliz dia por la ma√±ana,2021-11-28 03:19:10+00:00,1,0
@gonthal date pa jugar,2021-11-27 19:25:20+00:00,1,0
@gonthal tmq,2021-11-26 20:08:27+00:00,1,0
@gonthal por mamaguevo,2021-11-26 12:43:11+00:00,1,0
@binomiaa ese s√≠ es bueno ü¶≠,2021-11-26 00:05:05+00:00,1,0
@callmeanto jsassjsajssojsa qu√© buenooo,2021-11-26 00:04:35+00:00,1,0
@aaeilrv qu√© es mejor pedir perdon o permiso?,2021-11-24 16:40:04+00:00,1,0
@pupilalejana no hab√≠a sido eso por los Oscars?  se me hace que no hab√≠a ido cuando gan√≥ mejor canci√≥n original en‚Ä¶ https://t.co/wGGOnePGcc,2021-11-24 00:24:28+00:00,1,0
"basado en eso los grammys son un meme desde hace al menos 17 a√±os, pero capaz siempre lo fueron",2021-11-23 18:24:20+00:00,1,0
hechos deplorables: lose yourself de eminem obteniendo el 2004 la primera nominaci√≥n en la historia de los grammys‚Ä¶ https://t.co/qmsl9uVoUm,2021-11-23 18:24:20+00:00,1,0
@rohelysss vamos s√≠ se puede,2021-11-23 00:01:43+00:00,1,0
@medicenxai yo de ud piroba,2021-11-21 04:05:04+00:00,1,0
@gonthal solo queda tinta azul rey t√≥malo o d√©jalo,2021-11-19 19:35:01+00:00,3,0
"SALI√ì 30. Menos mal porque tengo insomnio. ü•∫
Espero mucho ojal√° no me desekcione",2021-11-19 06:54:25+00:00,1,0
CO√ëO s√≠ quiero escuchar Red (Taylor's Version) pero c√≥mo hago para evitar pensar que voy a perder 2 horas escuchand‚Ä¶ https://t.co/MHfFj6x7v1,2021-11-18 15:44:16+00:00,1,0
@gonthal the absolute ü§ì,2021-11-16 04:50:40+00:00,1,0
hice un tuit de la orquesta y perd√≠ cr√©dito social ü•≤,2021-11-14 00:16:25+00:00,2,0
hey pero ustedes rompieron un record guiness?????? okkkkkkk,2021-11-13 18:49:59+00:00,2,0
@aaeilrv qu√© culpa ten√≠a la pobre rizadora,2021-11-13 01:02:36+00:00,1,0
@aaeilrv tan admirable y talentosa que eres mira t√∫ ):,2021-11-12 01:09:32+00:00,1,0
3 edificios y una cola de gasolina https://t.co/lPVDszteBk,2021-11-12 01:03:29+00:00,3,0
@luisasfa05 yo siempre pongo m√∫sica en los parciales ü§ßü§ß qu√© ladilla eso de micro abierto üò∑,2021-11-11 21:41:21+00:00,1,0
"""la perra esa"" y otras manifestaciones de misoginia",2021-11-11 17:59:01+00:00,1,0
https://t.co/v1O6spTzh5 https://t.co/z3jNjEYwYk,2021-11-11 13:21:45+00:00,1,0
@medicenxai ya lo estoy reina,2021-11-11 04:37:48+00:00,1,0
wtf francisco marquez wtf https://t.co/51uV9jCTuO,2021-11-11 01:23:48+00:00,4,0
@gonthal ü•∫ü•∫ ense√±a,2021-11-10 20:29:49+00:00,1,0
"18 a√±os.
C√°ncer.
2.00m https://t.co/yQG5SZRLYp",2021-11-10 17:23:37+00:00,1,0
@sharitzard EXPUESTO,2021-11-09 12:21:32+00:00,1,0
@rohelysss son 2 $ relax,2021-11-08 22:16:09+00:00,1,0
@gonthal la esquizofrenia pegando fuerte,2021-11-08 21:26:53+00:00,1,0
@luisyeguezm te voy a joder pajuo,2021-11-06 01:39:09+00:00,1,0
https://t.co/ZEd5XC8R8e https://t.co/zBDgPulxFk,2021-11-05 20:34:29+00:00,1,0
@cassiebyskins yo digo que lo hagas,2021-11-05 19:11:42+00:00,1,0
@gonthal en google aparece c√°ncer,2021-11-05 13:35:52+00:00,2,0
FELICILANDIA,2021-11-05 04:33:01+00:00,1,0
el algoritmo de chus fuera un buen nombre para un algoritmo,2021-11-04 13:33:09+00:00,1,0
@sarajademarie i'd say a goddess looks like you,2021-11-04 03:00:34+00:00,1,0
"antes era as√≠ en la vida, depend√≠a mucho de esto, pero cuando programas te da un tic nervioso y casi como un reflej‚Ä¶ https://t.co/nuAsov3voo",2021-11-04 02:45:33+00:00,1,0
"@pupilalejana sin saber de poco a nada de historia, me parece que el decir se refiere a la historia ""oficial"", a la‚Ä¶ https://t.co/bV7o1LuJjy",2021-11-04 02:26:56+00:00,1,0
quiere ser qu√≠mico marico ü•∫‚ù§Ô∏è https://t.co/iwWy9cAHCu,2021-11-04 02:22:51+00:00,2,0
baj√© de los 200 followers again qu√© nice. mucho rant.,2021-11-04 01:04:09+00:00,1,0
@medicenxai en mcdonalds est√°n buscando empleados,2021-11-04 01:01:32+00:00,1,0
"no s√© por qu√© alguien querr√≠a eliminar de su habla un rasgo de la idiosincrasia caribe√±a en primer lugar, habiendo‚Ä¶ https://t.co/2wYend2hYB",2021-11-03 20:20:02+00:00,1,0
https://t.co/bXlic08DvE,2021-11-03 16:12:46+00:00,2,1
@binomiaa si tan solo a los profesores les importara la salud mental de los estudiantes ü§ß,2021-11-03 16:05:25+00:00,3,0
@gonthal solo quiero ver la vaina y vierne y se publica  XDDDDDDDD,2021-11-03 04:13:57+00:00,2,0
@gonthal @LeGranColombia @cassiebyskins @aaeilrv @jeaanibarra no viste nada.,2021-11-03 04:13:17+00:00,2,0
"MCOOOOOOOO Github Copilot me acaba de completar una l√≠nea en MIPS y estoy llorando, no esperaba que una inteligenci‚Ä¶ https://t.co/JkJGfa8s8Y",2021-11-02 03:33:27+00:00,1,0
@gonthal puro pato escucha indie d√≠galo,2021-11-02 02:09:12+00:00,1,0
"El Gavil√°n de Aldemaro Romero, un cover en Onda Nueva (un g√©nero que se basa en los elementos la m√∫sica venezolana‚Ä¶ https://t.co/ldBuU9yJes",2021-11-02 01:04:32+00:00,0,1
"Siempre trato de que mis sue√±os sean lo m√°s grandes posibles y hacer Hasta Lo imposible para alcanzarlos.
Hoy m√°s q‚Ä¶ https://t.co/V7rPrkLVgf",2021-11-01 00:30:36+00:00,1,0
"Hace unos d√≠as recib√≠ mi t√≠tulo de publicidad y mercadeo.
Despu√©s de tanto esfuerzo y dedicaci√≥n.Y me puse a pensar‚Ä¶ https://t.co/E270l4VA53",2021-11-01 00:30:35+00:00,1,0
se arregl√≥ venezuela se√±ores https://t.co/osFMv2MPR3,2021-10-31 18:25:14+00:00,3,0
@Goosline y F(x) + C ser√° lo mismo que C + F(x),2021-10-31 16:17:48+00:00,1,0
@jeaanibarra DONDE est√° a ese precio??? Un 12 a ese precio en mcy s√≠ te lo creo. De c√°mara me comprar√≠a una sony o‚Ä¶ https://t.co/f8DinISiD0,2021-10-31 01:10:07+00:00,1,0
send inspiraci√≥n,2021-10-30 23:14:41+00:00,1,0
co√±o por qu√© yo sigo teniendo twitter para tener que ver estas pendejadas vale,2021-10-30 23:07:07+00:00,0,0
En Venezuela üáªüá™ el arte üé® no se respeta üò©,2021-10-30 23:07:07+00:00,1,0
RT @ayunoko: üéÉüëª https://t.co/w3RxeZ2xGD,2021-10-30 23:03:17+00:00,0,879
"despu√©s de muchos a√±os porcupine tree saca otro √°lbum, eso significa...
otro √°lbum m√°s para odiar ‚úçüèª",2021-10-30 23:03:13+00:00,0,0
RT @caryacarolina: Est√°bamos aburridas y nos vinimos a B√©lgica https://t.co/51cI16LykQ,2021-10-30 18:07:41+00:00,0,21
@cassiebyskins fan del makeup,2021-10-30 16:02:40+00:00,1,0
RT @lsloops: EAT EAT EAT https://t.co/CGq6R7HWY7,2021-10-30 12:17:27+00:00,0,8750
"RT @Paris2024: 1000 days to go until #Paris2024
1000 days to live together.

J-1000 avant les Jeux de #Paris2024 
1000 jours √† vivre ensemb‚Ä¶",2021-10-30 12:17:11+00:00,0,1751
"con lo mucho que estoy en contra de escuchar soundtracks como si fuesen √°lbumes, el soundtrack de euphoria est√° precious lo afirmo",2021-10-30 05:37:55+00:00,1,0
"RT @gonthal: Esto me pas√≥ el otro d√≠a y me enterneci√≥ como no tienen idea.‚ù§Ô∏è

Al final s√≠ me dio permiso para usar esto. https://t.co/19txX‚Ä¶",2021-10-30 00:46:17+00:00,0,3
pasen last fm,2021-10-30 00:04:18+00:00,0,0
@aaeilrv pero pave,2021-10-30 00:02:58+00:00,0,0
"RT @TravelVida: Reykjavik, Iceland üáÆüá∏üåà
üì∏: @Chiditty | IG https://t.co/PjuWfSn2DH",2021-10-29 21:07:24+00:00,0,314
RT @birdfrogdraws: Ponyo https://t.co/edJvrwbULh,2021-10-29 20:10:43+00:00,0,3866
@QZinnias @mariojllesca,2021-10-29 18:31:54+00:00,1,0
RT @floofyfluff: What if we wore matching cow gf hats ü•∫ https://t.co/m8nTnZpg7k,2021-10-29 18:31:28+00:00,0,1888
@fungikami dame,2021-10-29 18:23:30+00:00,0,0
